Label,CDR3.beta,Epitope
1,CASRSGTEGYTF,CRVLCCYVL
1,CATSGSYEQYF,ELAGIGILTV
1,CASRAGGSSYNEQFF,AVFDRKSDAK
1,CASSEGGFTFYNEQFF,GLCTLVAML
1,CSARDSRGTRQETQYF,KLGGALQAK
1,CASSNYAGAFDTQYF,KLGGALQAK
1,CASSLEPVGATDTQYF,FRCPRRFCF
1,CASRTLAGGSSEQFF,KLGGALQAK
1,CASSLESLGLASVDEQF,RYPLTFGWCF
1,CASSLTGFGNEKLFF,CRVLCCYVL
1,CASSFYRDGDHQPQHF,AVFDRKSDAK
1,CASSLFSGASQTQYF,FPRPWLHGL
1,CASSQIRGGTEAFF,RAKFKQLL
1,CASGVSGNTGELFF,KLGGALQAK
1,CASSFEVGGSTDTQYF,KLGGALQAK
1,CASSLAESSYNEQFF,KLGGALQAK
1,CASSYRAPGHTEAFF,GILGFVFTL
1,CASSEARGNSPLHF,RPHERNGFTVL
1,CASASANYGYTF,NLVPMVATV
1,CASSQEWTSGSNEQFF,KLGGALQAK
1,CASSPGSPGYEQYF,KLGGALQAK
1,CASSVVSGANVLTF,AVFDRKSDAK
1,CASSLTSVYNEQFF,IVTDFSVIK
1,CASGWTGGNSPLHF,AVFDRKSDAK
1,CSVEDGPPGEGGYEQYF,KLGGALQAK
1,CASSFLYREKLFF,CRVLCCYVL
1,CAISEGAPADTQYF,KLGGALQAK
1,CASIPGDSNEQYF,ELAGIGILTV
1,CASSLWSGGADTQYF,FPRPWLHGL
1,CASSTPSIPWSTDDFFEQYF,QASQEVKNW
1,CASSYGPWDEQFF,NLVPMVATV
1,CASTSDRGLYEQYF,KLGGALQAK
1,CASNLGGGTGELFF,NLVPMVATV
1,CASTKGASPGDEQFF,NLSALGIFST
1,CASSLGGGNNEQFF,AVFDRKSDAK
1,CASSQDSGGPTYEQYF,LPRRSGAAGA
1,CASSSPGESSYNEQFF,KLGGALQAK
1,CASSPFGEGGANVLTF,NLVPMVATV
1,CASSMEASGSSYNEQFF,NLVPMVATV
1,CASRAGHGSPGDTQYF,NLVPMVATV
1,CSARELLREQFF,KLGGALQAK
1,CASSFEGEQYF,KLGGALQAK
1,CSASGPKAGDFHYEQYF,NLVPMVATV
1,CASSASVAQYF,KLGGALQAK
1,CASSYSDAGGYYEQYF,FLYNLLTRV
1,CASSRWGLNNEQFF,GILGFVFTL
1,CASSFGGQGMYFAEAFF,CRVLCCYVL
1,CASSLGPGNNEQFF,KLGGALQAK
1,CASSQWAGANNEQFF,LPRRSGAAGA
1,CATRQGADSEQFF,NLVPMVATV
1,CASSMRASHEQYF,GILGFVFTL
1,CSASYYRDRGLYEQFF,KLGGALQAK
1,CAIKVTENTEAFF,LLDFVRFMGV
1,CASSSDGYEQYF,KLGGALQAK
1,CSARENTGELFF,RLRAEAQVK
1,CASSQGLAGDNEQYF,LLLGIGILV
1,CASRNRPGQASYEQYF,FLKEKGGL
1,CASSRTAQGDTEAFF,NLVPMVATV
1,CAISEGIGQNYGYTF,KLGGALQAK
1,CSARVSPEGGPENYGYTF,KLGGALQAK
1,CAVPPDSWGKLQF,GILGFVFTL
1,CASSQDHYYNEQFF,YLQPRTFLL
1,CAWRGGPYNSPLHF,KLGGALQAK
1,CASSPDMNTGELFF,YLQPRTFLL
1,CASSLSGAGYQPQHF,LPRRSGAAGA
1,CASSYRPINQPQHF,KLGGALQAK
1,CASSDGGSAYEQYF,KLGGALQAK
1,CASSWGAARGNQPQHF,KLGGALQAK
1,CASSEGLGLGYTF,CRVLCCYVL
1,CSAPDLFGQGIETQYF,NLVPMVATV
1,CASSLGTLAKNIQYF,LLFGYPVYV
1,CASSWTGGYEQYF,KLGGALQAK
1,CSATNYRDRAKNIQYF,KLGGALQAK
1,CASSRSRGLEHYEQYF,AVFDRKSDAK
1,CASSLATGGTDSPLHF,NLVPMVATV
1,CADGSANTGELFF,YLQPRTFLL
1,CASSPPAGGNTGELFF,YLQPRTFLL
1,CAWSRVGGYEQYF,GILGFVFTL
1,CAISDPDRTGDEQYF,RMFPNAPYL
1,CASSFYGTDQETQYF,NLVPMVATV
1,CASSPDSLNEQFF,KLGGALQAK
1,CASSEQGSSEAFF,KLGGALQAK
1,CASSFTGGDLYGYTF,RAKFKQLL
1,CATSETGTTLEQYF,KRWIILGLNK
1,CASRVASGFGEQYF,AVFDRKSDAK
1,CASSLNRAGELFF,KLGGALQAK
1,CSVDLEGATTDTQYF,KLGGALQAK
1,CASSGLNEQFF,GILGFVFTL
1,CASSSLPGAAEAFF,NLVPMVATV
1,CASSWNRASSYEQYF,GLCTLVAML
1,CAWSGRLAGESGELFF,NLVPMVATV
1,CTTGDGMNTEAFF,KLGGALQAK
1,CASSFGAGELFF,GTSGSPIINR
1,CASSLVGGLGNNEQFF,KLGGALQAK
1,CASSPEGGAIVAPEAFF,NLSALGIFST
1,CASSPGAGENIQYF,KRWIILGLNK
1,CASSFSQTSGTGRIYYGYTF,ELAGIGILTV
1,CASSLTGPETQYF,PTDNYITTY
1,CASRWRGEGYGYTF,NLVPMVATV
1,CSVEDRGGYEQYF,KLGGALQAK
1,CASSLAGWAYNEQFF,KLGGALQAK
1,CASSMRWAYEQYF,GILGFVFTL
1,CASSASGGAGNEQFF,GILGFVFTL
1,CASSWGQGGYEQYF,KLMNIQQKL
1,CSAHTPAFGRTSSYNEQFF,KLGGALQAK
1,CASSSTSSTTSYEQYF,GLCTLVAML
1,CASSLGLAGANEQFF,KLGGALQAK
1,CASRTPAGANTEAFF,NQKLIANQF
1,CASSLLAGGRAADKEKLFF,SPRWYFYYL
1,CASSEGRNEQYF,CRVLCCYVL
1,CASSPLWVAGGRETQYF,RAKFKQLL
1,CASSVVGAAGELFF,KLGGALQAK
1,CASSISGSSYNEQFF,KLGGALQAK
1,CASSLAGGVDTQYF,KTWGQYWQV
1,CSVVDTEAFF,KLGGALQAK
1,CASSQVGQGNYGYTF,NLVPMVATV
1,CASTPGSSYNEQFF,RPHERNGFTVL
1,CASTDMNTGELFF,YLQPRTFLL
1,CASSVEPTGGLRNSPLHF,KLGGALQAK
1,CASSLIQDPGELFF,ELAGIGILTV
1,CATSSPAESTDTQYF,YSEHPTFTSQY
1,CASSLGVGDVQETQYF,KLGGALQAK
1,CASSPGTVYGYTF,KLGGALQAK
1,CASSLDRTDYGYTF,NLVPMVATV
1,CASSQDRTGGRLDTQYF,LPRRSGAAGA
1,CASSLGVAGTNTGELFF,GILGFVFTL
1,CASSQGATSQTQYF,KRWIILGLNK
1,CASSRTATHGYTF,GILGFVFTL
1,CSARDIGTGAHYEQYF,QYIKWPWYI
1,CASRYRAAPNQPQHF,FLYNLLTRV
1,CASSQDGVQHF,ALYGFVPVL
1,CASSYGMEETQYF,NLVPMVATV
1,CASSHLPGQGATGELFF,KLGGALQAK
1,CATIPTGSTDTQYF,KLGGALQAK
1,CASSLAPNVADTQYF,TPRVTGGGAM
1,CASSQEFRADQPQHF,KLGGALQAK
1,CASSTGQVTQETQYF,GLCTLVAML
1,CSVVAGGADTQYF,VTEHDTLLY
1,CASSLVAAQLHTEENSPLHF,KLGGALQAK
1,CASSDLLDGKETQYF,KLGGALQAK
1,CASSEVPGISNQPQHF,NLVPMVATV
1,CASSVYDSTGELFF,ELAGIGILTV
1,CASSPLSTDTQYF,GILGFVFTL
1,CASSQVDLSYEQYF,CRVLCCYVL
1,CASSLSTTTASYEQYF,QYIKWPWYI
1,CARKRGEDTGELFF,KLGGALQAK
1,CASSRETGGAKNIQYF,KLGGALQAK
1,CASSYSAVNTEAFF,NLVPMVATV
1,CASSHKQATGRKTYEQYF,GILGFVFTL
1,CASSEALPTIANTGELFF,KRKGGIGGY
1,CSARDKSLPTEAFF,NLVPMVATV
1,CATYIGNTGELFF,RLQSLQTYV
1,CAWSVSDVANTEAFF,NLVPMVATV
1,CSARDHCGVSVGETQYF,NLVPMVATV
1,CSVAGTPELYNEQFF,KLGGALQAK
1,CASSPVGVGEQYF,GILGFVFTL
1,CASSHDTGGYEQYF,ARMILMTHF
1,CASSLELTGSYNEQFF,KLGGALQAK
1,CASSNRGWGDTQYF,RLRAEAQVK
1,CASSYSDETYEQYF,KLGGALQAK
1,CASSLETQYF,NLVPMVATV
1,CASSPSSSYEQYF,IVTDFSVIK
1,CASTHGTSGEDTQYF,NLVPMVATV
1,CASRGGIHYGYTF,KLGGALQAK
1,CASSSDPRYGYTF,RLRAEAQVK
1,CATIDWGGEDTQYF,KLGGALQAK
1,CSVQGGGYNEQYF,RLRAEAQVK
1,CASSPSLGTRYNEQFF,KLGGALQAK
1,CALLSDSGNTIYF,KLGGALQAK
1,CASSQDGESSYNEQFF,KLGGALQAK
1,CASSSGGSQPQHF,KLGGALQAK
1,CASSSSFPGGGNEQFF,NLVPMVATV
1,CASRAVSTDTQYF,MLNIPSINV
1,CASSVGSSLHEQYF,KLGGALQAK
1,CASSQDQTLYFMNTEAFF,KRWIILGLNK
1,CASKKSTGGNTDTQYF,KRWIILGLNK
1,CASSESDRAKETQYF,IVTDFSVIK
1,CASSGRGWETQYF,RAKFKQLL
1,CASSQGVNQPQHF,YLEPGPVTV
1,CASSPARGTDTQYF,FPRPWLHGL
1,CASSESPRSATGELFF,KLGGALQAK
1,CASSQDFEPVKNIQYF,KLGGALQAK
1,CASSLLGEGRSEAFF,KLGGALQAK
1,CASSLLAGPNTGELFF,PTDNYITTY
1,CASSQLGTDTQYF,NLVPMVATV
1,CASSLEWDLAGTQYF,GLCTLVAML
1,CAGKNTEAFF,LPRRSGAAGA
1,CASTNLAGYDEQFF,KLGGALQAK
1,CASSSRQGKEQYF,LPPIVAKEI
1,CASSQDMFGSEQYF,LPRRSGAAGA
1,CASSQVDLRYEQFF,CRVLCCYVL
1,CASSPGGGGYGYTF,CRVLCCYVL
1,CASSLGNPTTGELFF,LPRRSGAAGA
1,CSARPSGLAETDTQYF,KLGGALQAK
1,CASSVGEAFF,KLGGALQAK
1,CSASPGDYEQYF,IVTDFSVIK
1,CASSQDSGVHQPQHF,AVFDRKSDAK
1,CASSLFRGPEAFF,NLVPMVATV
1,CASSNGGGRLYGYTF,KLGGALQAK
1,CASSLVSGMLYF,GILGFVFTL
1,CASSSTSSGANVLTF,NLVPMVATV
1,CASRSFSNQPQHF,GILGFVFTL
1,CASSLDHQAGHEQYF,FLKEKGGL
1,CSASWPGANTGELFF,KLGGALQAK
1,CASSMRAGRPGANVLTF,KLGGALQAK
1,CASSKTGELFF,ELAGIGILTV
1,CASSDPTVSDVNEQFF,KLGGALQAK
1,CASSYPRRSSSYNEQFF,TTDPSFLGRY
1,CASSYSFQGGELFF,AVFDRKSDAK
1,CASSQEIGLGIGPQHF,CINGVCWTV
1,CASSSSQGPEAFF,KLGGALQAK
1,CASSAVYSNQPQHF,KLGGALQAK
1,CSARVLGTLNEQFF,CRVLCCYVL
1,CAGTLAGGTDTQYF,VTEHDTLLY
1,CAISESRWRGAYYGYTF,KLGGALQAK
1,CASSQEGVLSGYGYTF,GILGFVFTL
1,CSAFWDRPYEQYF,NLVPMVATV
1,CASSSRGGNEQFF,KLGGALQAK
1,CASSPLDGRADTQYF,RLRAEAQVK
1,CASSPGQGIAGELFF,KLGGALQAK
1,CASGYNTEAFF,NLVPMVATV
1,CASSFGGSGRLYNEQFF,KLGGALQAK
1,CATSRDLGTGNTIYF,KLGGALQAK
1,CASSELDFQETQYF,CRVLCCYVL
1,CASSPGDEQFF,CRVLCCYVL
1,CASGRLYRGTEAFF,KLGGALQAK
1,CASSIVAGALNEQFF,NEGVKAAW
1,CSGWADSYNEQFF,ELAGIGILTV
1,CASTLGASGGNEQFF,KLGGALQAK
1,CASSARDRVLYEQYF,KLGGALQAK
1,CASSETGVGQPQHF,LLLGIGILV
1,CASSPRQGDQPQHF,RAKFKQLL
1,CAVNGGSNYGYTF,NLVPMVATV
1,CASSQAWSDSVMGQPQHF,KLGGALQAK
1,CASSLEALSSYNEQFF,FRCPRRFCF
1,CASSQDSSGVYEQYF,ELAGIGILTV
1,CSAADGFSYEQYF,NLVPMVATV
1,CASSLGLAGVNEQFF,KLGGALQAK
1,CASSIGGELFF,GILGFVFTL
1,CASSLDPAGQGYEQYF,IPSINVHHY
1,CSAAQTGTVNTEAFF,ELAGIGILTV
1,CASSLTAGARVWQFF,EIYKRWII
1,CASSQDPGTGTDEQYF,AVFDRKSDAK
1,CSVGSGGTNEKLFF,GILGFVFTL
1,CASSTGTGGPSGTGELFF,DATYQRTRALVR
1,CASSRLGGTRALDEQFF,LPRRSGAAGA
1,CASSNRASNEQFF,GILGFVFTL
1,CASSVGATGAYEQYF,QYIKWPWYI
1,CATSAVDRGKNIQYF,KLGGALQAK
1,CAISLTLLGQRDQETQYF,RAKFKQLL
1,CASSSRGADGELFF,RTLNAWVKV
1,CASSPGGTSLAKNIQYF,KLGGALQAK
1,CASSQRSSTEAFF,GILGFVFTL
1,CSVIHRGHEQYF,LPRRSGAAGA
1,CASSSRSQVEQYF,GILGFVFTL
1,CASSYQTGTGNYGYTF,NLVPMVATV
1,CASSQVSSRQPHTEAFF,RAKFKQLL
1,CASSETVLAGGDNEQFF,KLGGALQAK
1,CASSYSPQGKGSTDTQYF,KLGGALQAK
1,CASSIHTANQPQHF,GILGFVFTL
1,CASSPRSAVEQYF,GILGFVFTL
1,CASSRYGGPSDNEQFF,KMVAVFYNT
1,CASGRLSYNEQFF,GILGFVFTL
1,CASSYQGYQETQYF,KLGGALQAK
1,CSSGGTYGYTF,KLGGALQAK
1,CASSMDSSYEQYF,NLVPMVATV
1,CASSVDRSSGNTIYF,NLVPMVATV
1,CASSLGLNEQFF,KLGGALQAK
1,CASSEASYGATYNEQFF,KLGGALQAK
1,CASSFHDRGDQPQHF,GILGFVFTL
1,CASSLFPYRPEAFF,GILGFVFTL
1,CASSPGQGHNEQFF,KLGGALQAK
1,CASSLGTGEVVGELFF,VTEHDTLLY
1,CASSWTVLYGYTF,GILGFVFTL
1,CASSLSFGVRNTEAFF,KLGGALQAK
1,CSARDFRGTSGTGELFF,LLLGIGILV
1,CASSGQGDTGELFF,GILGFVFTL
1,CASRSQGPGELFF,KLGGALQAK
1,CSYAAGVNEQYF,GLCTLVAML
1,CASSAAGNQPQHF,LLWNGPMAV
1,CASSSSLSTDTQYF,ELAGIGILTV
1,CASSLGVIAGGLNEQFF,KLGGALQAK
1,CASSLLDGTRETQYF,EIYKRWII
1,CSASEGRNTEAFF,RLQSLQTYV
1,CASSQEGSDNQPQHF,ATDALMTGY
1,CASSIPGLAGQETQYF,IPSINVHHY
1,CASSPDSYGEKLFF,AVFDRKSDAK
1,CASSERQQTYNEQFF,QYIKWPWYI
1,CASSIDGTAYEQYF,GLCTLVAML
1,CASSQDSLGGSYNEQFF,LPRRSGAAGA
1,CASSPGLFLSNEQFF,LLWNGPMAV
1,CASSPSTANTQPQHF,ATDALMTGY
1,CASNPQGSQPQHF,KLGGALQAK
1,CAISVAARGEQFF,IPSINVHHY
1,CASSVEGLAAHEQFF,IVLPEDKSW
1,CAWAKPREIQVSGEKLFF,KLGGALQAK
1,CASSAQEGRIEMNTEAFF,ALWEIQQVV
1,CSASPISPTGAYEQYF,GLCTLVAML
1,CSARDPLPEASGGAGTDTQYF,KRWIILGLNK
1,CASSQSPGGYQF,GLCTLVAML
1,CASSSAEEAGYLYGYTF,RPHERNGFTVL
1,CASSLRRQLPQPQHF,CRVLCCYVL
1,CATLQESSYNEQFF,KLGGALQAK
1,CASSQDRSGGGYEQYF,KLGGALQAK
1,CASSVGQGYEQYF,NYNYLYRLF
1,CSVEDRGISGANVLTF,NLVPMVATV
1,CSARDTGTGELVGELFF,GLCTLVAML
1,CASSLTLAAYNEQFF,RAKFKQLL
1,CASRLAGSTGELFF,KLGGALQAK
1,CATRQETNEKLFF,NLVPMVATV
1,CASRTGISNTGELFF,ATDALMTGF
1,CASSPWASGTQETQYF,RAKFKQLL
1,CASSLTLEYETQYF,KLGGALQAK
1,CASSFDRGYNEQFF,KLGGALQAK
1,CATSTSGASTDTQYF,LPRRSGAAGA
1,CASRVTGGNGYTF,KLGGALQAK
1,CASTGADTQYF,YLQPRTFLL
1,CASSYSRPGLSNQPQHF,GILGFVFTL
1,CASSTTGGKLFF,KLGGALQAK
1,CSARVESLYNEQFF,KLGGALQAK
1,CSARDGTYNEQFF,KLGGALQAK
1,CASSSQTSGGSYEQYF,KLGGALQAK
1,CASSLGPSGRTSSYEQYF,GLCTLVAML
1,CASSWLMGTTYNEQF,NLVPMVATV
1,CASSLEFDQPQHF,NLVPMVATV
1,CASSAMGGSYNEQFF,KLGGALQAK
1,CASSHLGPGGPSYEQYF,NLVPMVATV
1,CASTPSNEQFF,AVFDRKSDAK
1,CSASQGLMNTEAFF,ELAGIGILTV
1,CASSERTWKNTEAFF,KLGGALQAK
1,CSARDRLAGVADTQYF,AVFDRKSDAK
1,CASSLGGGNNEQYF,RLRAEAQVK
1,CASSGDRGTEAFF,NLVPMVATV
1,CSARDRPESGYTF,KRWIILGLNK
1,CASSSDVLPEQYF,NLVPMVATV
1,CATSSGQYPYEQYF,KLGGALQAK
1,CASGPYTGGYNEQFF,GLCTLVAML
1,CASNLYGQHNEQFF,ELAGIGILTV
1,CASSQGFGVSRLNTEAFF,KLGGALQAK
1,CASSLGQGITEAFF,NLVPMVATV
1,CASSLAGGGTGELFF,NLVPMVATV
1,CASSPTGGSSYEQYF,VTEHDTLLY
1,CAISRTGGSNTEAFF,IVTDFSVIK
1,CSARVGLNNEQFF,KRWIILGLNK
1,CASSQGGPYNEQFF,KLGGALQAK
1,CASASGGFDEQFF,KLGGALQAK
1,CASRYQGLGQPQHF,EAAGIGILTV
1,CATSDLVSDTQYF,SPRWYFYYL
1,CASSFYPTDEQF,FPRPWLHGL
1,CSAGPISDDNYGYTF,KLGGALQAK
1,CASSPGASNEKLFF,KLGGALQAK
1,CASSYGTGNIQYF,ELAGIGILTV
1,CASSYSGTDYNEQFF,KLGGALQAK
1,CASSRDSASTGELFF,KLGGALQAK
1,CSAPDRRGGYTF,KLGGALQAK
1,CASSPGPGWVRTDTQYF,GLCTLVAML
1,CASSGGTSGYNEQFF,IVTDFSVIK
1,CASSFLGLNEQFF,NLVPMVATV
1,CASSPQTGTLSYGYTF,NLVPMVATV
1,CASSYPPSGGVAYEQYF,KLGGALQAK
1,CASSLPDTQYF,KLGGALQAK
1,CASSFGDRLIQPQHF,CRVLCCYVL
1,CAVTGNEKLTF,LLWNGPMAV
1,CASGLGLYYEQYF,NLVPMVATV
1,CASSYAGLYGYTF,CRVLCCYVL
1,CASRQGAGGNQPQHF,TPRVTGGGAM
1,CASRPTLSSYNEQFF,KLGGALQAK
1,CASSPETGIEAFF,NLVPMVATV
1,CASSAGTEFDSNQPQHF,AVFDRKSDAK
1,CASSQDIGGGYNNEQFF,KLGGALQAK
1,CASSEDSNTEAFF,KLGGALQAK
1,CASSEGGSGANVLTF,RAKFKQLL
1,CSARLAESSYEQYF,GILGFVFTL
1,CASSLPGQGLETQYF,AVFDRKSDAK
1,CASSLGGRQGVISYEQYF,NLVPMVATV
1,CAGADSNTGELFF,YLQPRTFLL
1,CASSLGGGPQETQYF,GLCTLVAML
1,CASSQGRASSGNTIYF,CTELKLSDY
1,CASSDSPRVDEQYF,GILGFVFTL
1,CSARDEGYEQYF,NLVPMVATV
1,CSARVPGSVYGYTF,KLGGALQAK
1,CASSPSLLSREGHPDTQYF,KLGGALQAK
1,CASSFKDTNTGELFF,NLVPMVATV
1,CASSAQDRGKETQYF,LLWNGPMAV
1,CASSWGQGSPLHF,ELAGIGILTV
1,CASSLTAGKYEQFF,RAKFKQLL
1,CASSFVMFHTGELFF,KLGGALQAK
1,CATSGTEGTDTQYF,KLGGALQAK
1,CASTISRGPTYEQYF,KLGGALQAK
1,CASSPGQNTEAFF,KLGGALQAK
1,CASSTNWDSGNTIYF,KLGGALQAK
1,CAHDNNARLMF,GLCTLVAML
1,CASSIHSGQNTEAFF,GILGFVFTL
1,CASSLISSDTQYF,LPRRSGAAGA
1,CASSYWDLNYGYTF,NLVPMVATV
1,CASSIFYRAEAFF,GILGFVFTL
1,CASRTTSGGASEQF,YVLDHLIVV
1,CSARTGEGSPLHF,NLVPMVATV
1,CASSKQGRRMNTEAFF,KLGGALQAK
1,CASRETYNEQFF,KLGGALQAK
1,CASSDPGIQETQYF,GILGFVFTL
1,CASSALGGGGTGELF,NLVPMVATV
1,CASSLGTSYEQYF,AVFDRKSDAK
1,CASSPGQGTGEQYF,ELAGIGILTV
1,CASSYLAGGTTDTQYF,NLVPMVATV
1,CASSRQPSTYEQYF,KLGGALQAK
1,CASSLVGRNYGYTF,KLGGALQAK
1,CASSSVQGLYYEQYF,LPRRSGAAGA
1,CASSLVGEGLPRAREQYF,TPRVTGGGAM
1,CAWRPEPGQEEFNAYF,LPRRSGAAGA
1,CASSPGLAGAVSLGGELFF,KLGGALQAK
1,CASRNRGGQETQYF,CRVLCCYVL
1,CASSVGQGKTYEQYF,VTEHDTLLY
1,CSARGGDNQPQHF,KLGGALQAK
1,CASSPLRGPYEQYF,VVLSWAPPV
1,CASSLAAWANEKLFF,KRKGGIGGY
1,CASSFAGNQPQHF,NLVPMVATV
1,CASSFYSSGRNSYF,NLVPMVATV
1,CASGPLGGYNEQFF,KLGGALQAK
1,CASSPGLAGNNEQYF,GILGFVFTL
1,CASSPREMLYNEQF,HPVGEADYFEY
1,CASINYGAGLNTEAFF,ELAGIGILTV
1,CASRQLALGETQYF,AVFDRKSDAK
1,CASSVPGDNEQYF,RLQSLQTYV
1,CASSRTSGEPYNEQFF,KLWAQCVQL
1,CASSELPGPPGEQYF,LPRWYFYYL
1,CASSYGAGNQPQHF,CRVLCCYVL
1,CATQSGLQIHTDTQYF,KLGGALQAK
1,CASSSPHRGLETQYF,KLGGALQAK
1,CASSSRGSSPQHF,GILGFVFTL
1,CASSPGLAGGPLEQFF,KLGGALQAK
1,CSARDLEVLSYEQYF,SLFNTVATLY
1,CASSPNRGPSDTQYF,GILGFVFTL
1,CASSQEGHSNQPQHF,ISPRTLNAW
1,CASSEIRKTKPSFF,KLGGALQAK
1,CASSERSGGDTDTQYF,KLGGALQAK
1,CASSQTGATGELFF,GTSGSPIINR
1,CSASPRETQYF,KLGGALQAK
1,CSATMGGTDQPQHF,GTSGSPIVNR
1,CASSLVGVKAGNTIYF,KLGGALQAK
1,CASSYSSGELFF,LPRRSGAAGA
1,CASSEAEAGAYTQYF,LLSIIFFPA
1,CSASTLVQGGGSPLHF,KLGGALQAK
1,CASSLFAGERSPLHF,KLGGALQAK
1,CASSQYGGGDQYF,AVFDRKSDAK
1,CASSSLPREGGDTQYF,NLVPMVATV
1,CASSIGSATEAFF,GILGFVFTL
1,CASSLTDTEAFF,LPRRSGAAGA
1,CASSPVVLGAGYGYTF,KRKGGIGGY
1,CASSIAARGSSYNEQFF,KLGGALQAK
1,CASSTTSGGPKSRELFF,KLGGALQAK
1,CASSLGQGNQPQHF,FLYNLLTRV
1,CASTPGGGIHGYTF,LLWNGPMAV
1,CASSVDKGGPDTQYF,IIKDYGKQM
1,CASRLGQGAHTGELFF,IVTDFSVIK
1,CASSLRDGSEAFF,IVTDFSVIK
1,CASSQVGRAGSPLHF,KLGGALQAK
1,CASSLYSGADQPQHF,FPRPWLHGL
1,CASSTYNEQFF,CRVLCCYVL
1,CASRPGQGALEQYF,KRWIILGLNK
1,CASSESEYVTEAFF,KLGGALQAK
1,CASSLGLAGTYEQYF,KLGGALQAK
1,CASSFQGFTEAFF,NLVPMVATV
1,CASTIGLARGAGTGELFF,GILGFVFTL
1,CASSLGTEWAAGELFF,KLGGALQAK
1,CASSLWTTNYGYTF,KLGGALQAK
1,CASSPERGEETQYF,VMVELVAEL
1,CAISDPGHRFGEAF,QYDPVAALF
1,CASSPETSGDSPLHF,AVFDRKSDAK
1,CSASRGSVELFF,KLGGALQAK
1,CASSWGAAGYEQYF,ELAGIGILTV
1,CATSVGQGGWDLGYTF,KLGGALQAK
1,CASSLLAGELFF,FLYNLLTRV
1,CASSLGVLGQPQHF,LLLGIGILV
1,CATTPGGSLSGYTF,GILGFVFTL
1,CASSSGLAKGEQYF,LPRRSGAAGA
1,CASNGGLAYEQYF,LLWNGPMAV
1,CASSLDRESMNTEAFF,LLLDRLNQL
1,CASSQDRPQLAGEKTQYF,KLGGALQAK
1,CAGSPFGGAYEQYF,GILGFVFTL
1,CATSTGDSNQPQHF,IVTDFSVIK
1,CASSDSRRGTGTYEQYF,IVTDFSVIK
1,CASSKEHRGTEDYEQYF,EIYKRWII
1,CASSQGGGPSEQFF,LPRRSGAAGA
1,CASSLNTGVKNIQYF,GPGHKARVL
1,CASSFLAGGFNEQFF,KLGGALQAK
1,CASSLEGDDGGELFF,RLPGVLPRA
1,CSARSVQGFYEQYF,LLHGFSFYL
1,CASSAGQGGVSETQYF,NLVPMVATV
1,CASNPSGSPNEQFF,CRVLCCYVL
1,CASSTRTGGFSDTQYF,SPRWYFYYL
1,CAISPSRSKNIQYF,AVFDRKSDAK
1,CSARDGPGVNTGELFF,YLQPRTFLL
1,CATSEGNEQFF,NLVPMVATV
1,CASSIGQGAYEQFF,AVFDRKSDAK
1,CASSQDGSGGLGEQFF,GLCTLVAML
1,CASSLAPWSGDTEAFF,KLGGALQAK
1,CASSQGTSDYEQYF,KRWIILGLNK
1,CSVLSMGKLFF,NLVPMVATV
1,CASSQTSGGAREQFF,RAKFKQLL
1,CASRTSGSSYNEQFF,KLGGALQAK
1,CASSQDRGTSYEQYF,RAKFKQLL
1,CASSLVPWTAKFF,KLGGALQAK
1,CASIPTRDTGELFF,SPRWYFYYL
1,CASSSATGITGELFF,ISPRTLNAW
1,CASSQDPLGTTDTQYF,GILGFVFTL
1,CASSLAGNRQGARSQPQHF,KLGGALQAK
1,CASSHQGTGAGELFF,LPRRSGAAGA
1,CASSFRQGVNTGELFF,TPRVTGGGAM
1,CASSGAGAGYEQYF,KLGGALQAK
1,CSARGLEETQYF,KLGGALQAK
1,CASSLREQGRYNEQFF,KLGGALQAK
1,CASSQGLAGDEQYF,EIYKRWII
1,CASSFKTDSYEQYF,PTDNYITTY
1,CASSYGDLYTGELFF,ELAGIGILTV
1,CSVLGRRVSYEQYF,GILGFVFTL
1,CASSTNTEAFF,GILGFVFTL
1,CASSLTRTRPLSYEQYF,AVFDRKSDAK
1,CASSQDRRSGQGDQWTEAFF,KLGGALQAK
1,CAWKGLGYSYEQYF,ELAGIGILTV
1,CASSLIGEAFF,AVFDRKSDAK
1,CASSLGANRFYEQYF,KLGGALQAK
1,CASSYGMGVGDRDTQYF,SLYNTVATL
1,CASNPRPRPSYTDTQYF,KLGGALQAK
1,CASRLGTGPEAF,EAAGIGILTV
1,CASSLLGEPGEAFF,YLQPRTFLL
1,CASSLLKRFWETQYF,NLVPMVATV
1,CASSPLTSRETQYF,KLGGALQAK
1,CASSGGTGTSGRAVEQYF,NLVPMVATV
1,CASSQQGAGQPQHF,LLLGIGILV
1,CASSTTGPQTPLHF,IVTDFSVIK
1,CASSISGQGTDTQYF,KLGGALQAK
1,CSARGWGNEANTGELFF,YLQPRTFLL
1,CASSPGSDVGLYEQYF,AVFDRKSDAK
1,CASSSTGETQYF,RPHERNGFTVL
1,CASRDRGVNEQYF,NLVPMVATV
1,CASSVIGSSNEQFF,KLGGALQAK
1,CASSDRDRGHEQFF,KLGGALQAK
1,CASSYGEKLFF,KLGGALQAK
1,CASKGVGYTF,NLVPMVATV
1,CASSPKHHTEAFF,KLGGALQAK
1,CASSPPPDNEQFF,KLGGALQAK
1,CATSGAAYSGANVLTF,AVFDRKSDAK
1,CSVMRGEHDEQYF,IPSINVHHY
1,CASSLDLPGPEGETQYF,DATYQRTRALVR
1,CASSEWRERTKNIQYF,KLGGALQAK
1,CASSPALGREQYF,SPRWYFYYL
1,CASTPAGGRDEQYF,GILGFVFTL
1,CASSIRYTGELFF,KLGGALQAK
1,CASSRDSSANEQFF,NLVPMVATV
1,CASSLAVDEQYF,CRVLCCYVL
1,CASSPSASGSNDEQFF,KLGGALQAK
1,CASSHLGGDRYMNEQFF,AVFDRKSDAK
1,CASSLVSEGNTIYF,KLGGALQAK
1,CSAVEGTSGGAYNEQFF,KLGGALQAK
1,CASSQWDDYGYTF,KLGGALQAK
1,CATTNGGRGYTF,AVFDRKSDAK
1,CASSSPAESRVGEQYF,NLVPMVATV
1,CALAGSQGNLIF,GILGFVFTL
1,CASSYSTGTGDEQYF,KLGGALQAK
1,CASSLGGGGTYNEQFF,RAKFKQLL
1,CASSYGTEAFF,AVFDRKSDAK
1,CAEDFNARLMF,GLCTLVAML
1,CASSLLAGPYNEQFF,GILGFVFTL
1,CASGLVQGYEQYF,NYNYLYRLF
1,CASREVGWNEQFF,GILGFVFTL
1,CASSLWGFDRTDTQYF,NLVPMVATV
1,CASSPTGGAGSTDTQYF,GILGFVFTL
1,CASSVDGRVGNTIYF,KLGGALQAK
1,CASSLVGQSYNEQFF,KLGGALQAK
1,CASSQGLGTSGPYEQYF,NLVPMVATV
1,CASRLTGEKQETQYF,RPRGEVRFL
1,CASSFLAGGLKYNEQFF,NQKLIANQF
1,CASSLDRNEQFF,KRWIILGLNK
1,CASSQLIPGLLYGYAF,GLCTLVAML
1,CAISVSGTRVYNEQFF,NLVPMVATV
1,CASSFMLNDRGAEAFF,KLGGALQAK
1,CASSQEGGGWGTEAFF,KLGGALQAK
1,CASSPEGNTGELFF,NLVPMVATV
1,CSARDSGTASYEQYF,KLGGALQAK
1,CASSLASGTEQFF,KLGGALQAK
1,CASSLGGGLYNSPLHF,NLSALGIFST
1,CASSSGAGGLADTQYF,RAKFKQLL
1,CATSRVGVRGLDTEAFF,KLGGALQAK
1,CASSFMGGTGELFF,AVFDRKSDAK
1,CASSPGGSLGGQDGYTF,NLVPMVATV
1,CASSVDGDTSTDTQYF,GILGFVFTL
1,CARDGTGNGYTF,GLCTLVAML
1,CASSIRSGVIQYF,GILGFVFTL
1,CASSLAARNTEAFF,NLVPMVATV
1,CASSTTLYTGELFF,KLGGALQAK
1,CASSRPGTNYGYTF,KLGGALQAK
1,CASSDPPGSSYNEQFF,GILGFVFTL
1,CSASIAGVGNEQFF,ELAGIGILTV
1,CASTEMGREGYNEQFF,GILGFVFTL
1,CSVYNTGELFF,KLGGALQAK
1,CASSLSTSSRNYGYTF,TPRVTGGGAM
1,CAISESTGPGGDTQYF,HSKKKCDEL
1,CASSEDPATNEKLFF,GILGFVFTL
1,CASSLRGVSSYNEQFF,TPRVTGGGAM
1,CASLQGLNTEAFF,KLGGALQAK
1,CASSDRPLGPNTEAFF,LPRWYFYYL
1,CASSYSMMQDVSNQPQHF,GILGFVFTL
1,CAISELEGTEAFF,IMDQVPFSV
1,CASSQASGRSHEQYF,NLVPMVATV
1,CASSILGNGYTF,KLGGALQAK
1,CASSMGQGDYEQYF,GTSGSPIINR
1,CASIERGLAGGSTGELFF,KLGGALQAK
1,CASSRGTGAFSGNTIYF,KLGGALQAK
1,CASSYSVNYGYTF,YLEPGPVTV
1,CAWSVRENTEAFF,KLGGALQAK
1,CASSYGHFGSYGYTF,EAAGIGILTV
1,CASSQVGAAGGSSYEQYF,KLGGALQAK
1,CSARSLPRATDTQYF,NLVPMVATV
1,CASSYGGVGAYEQYF,ELAGIGILTV
1,CASSARTGELFF,HPVGEADYFEY
1,CASSVAYRGNEQFF,YLQPRTFLL
1,CASSIRNSYEQYF,GILGFVFTL
1,CAISESRSRVTDTQYF,NLVPMVATV
1,CASSLNGVLQGFQPQHF,KLGGALQAK
1,CASSDPLTEGTDTQYF,SFHSLHLLF
1,CASSRLAGGRNEQFF,SPRWYFYYL
1,CASSLGPGDYGYTF,KLGGALQAK
1,CSVEIGWGQGDNGDYGYTF,FLLNKEMYL
1,CATSDSGSNSPLHF,KLGGALQAK
1,CASSLPLAVTF,KLGGALQAK
1,CASSLDLIPAGGSTPYNEQFF,KLGGALQAK
1,CASSYQGAGTEAFF,KLGGALQAK
1,CASSGRATGELFF,GILGFVFTL
1,CASSQGVGGNTDTQYF,KLGGALQAK
1,CASSPRTSGIHNEQFF,KLGGALQAK
1,CASSEGAPTYEQYF,LPRRSGAAGA
1,CSSGTGDGGEQFF,RAKFKQLL
1,CASSIISQETQYF,GILGFVFTL
1,CASSDSEGADTQYF,KLGGALQAK
1,CASSFIPDRGNQPQHF,KLGGALQAK
1,CASSAGPGQYGNTIYF,KRWIILGLNK
1,CSVEPGLAGAPQETQYF,KLGGALQAK
1,CASSQDWARGTGSYEQYF,ALSKGVHFV
1,CASSQSDYLQETQYF,KLGGALQAK
1,CSVSTGIYEQYF,GLCTLVAML
1,CASSWSGGGARATQYF,VTEHDTLLY
1,CATRREAGGPDTQYF,KLGGALQAK
1,CASSVRTGYTEAFF,GILGFVFTL
1,CASSMGGQTYGYTF,KLGGALQAK
1,CASSQGGDEQFF,ALYGFVPVL
1,CASSLSYEQYF,LPRRSGAAGA
1,CASSGTSGRMTDTQYF,AVFDRKSDAK
1,CASSPDRYSYEQYF,LPRRSGAAGA
1,CASSPSSTGFYNEQFF,SFHSLHLLF
1,CASSLGDSWNSPLHF,GPGHKARVL
1,CASSIYGTGAYEQYF,GILGFVFTL
1,CASSQAWTSGETQYF,CRVLCCYVL
1,CATTYGDRRNTEAFF,GILGFVFTL
1,CASSQGTGSTDTQYF,GLNKIVRMY
1,CASSPGTADYNEQFF,GILGFVFTL
1,CASSILRSADTQYF,KLGGALQAK
1,CASRLGTGVEKLFF,CRVLCCYVL
1,CASSPRLAESSYEQYF,KLGGALQAK
1,CASSPGVLDYGYTF,EAAGIGILTV
1,CASSQEAGGPTDTQYF,CRVLCCYVL
1,CASSLLIQGGENTEAF,NLVPMVATV
1,CASSPKFPSGYNEQFF,FRCPRRFCF
1,CSANRAGKNIQYF,YLQPRTFLL
1,CASSLHYPTGGFSYEQYF,LLWNGPMAV
1,CASRARDYQETQYF,KLGGALQAK
1,CAISESRSSGADTQYF,CTELKLSDY
1,CASRESSNTGELFF,KLGGALQAK
1,CATSIRLRPWQGGDEQFF,KLGGALQAK
1,CASSISRGRGYNEQFF,NLSALGIFST
1,CASSANKVSGGPDNEQFF,GLCTLVAML
1,CASSLPGLAGEETQYF,ELAGIGILTV
1,CASNPGTGTDTQYF,IPSINVHHY
1,CASSAGTGFLFF,NLVPMVATV
1,CASSPMDTQYF,KLGGALQAK
1,CASSIYFGEKLFF,GILGFVFTL
1,CSARDWGEETQYF,NLVPMVATV
1,CASSLGHRTEAFF,KLGGALQAK
1,CASSVEGTVTDTQYF,GILGFVFTL
1,CASSHLGGDRYMNEQFF,RLRAEAQVK
1,CASSLTTGGFNYGYTF,KLGGALQAK
1,CASSSGQQTNSPLHF,GLCTLVAML
1,CASSLVRGANIQYF,KLGGALQAK
1,CASSPKVTVFGANVLTF,KLGGALQAK
1,CSACLNLCHF,NLVPMVATV
1,CASRGLAGGLGELFF,NLVPMVATV
1,CASRHHLIGTGHTGELFF,SPRWYFYYL
1,CASSIGLLTDTQYF,KLGGALQAK
1,CASRSSGIPNEQFF,KLGGALQAK
1,CASSKVAGVLAGELFF,LPRRSGAAGA
1,CASSSGTSGSSYEQYF,LPRRSGAAGA
1,CASTLGGNTGELFF,GLCTLVAML
1,CASSYSLGGGNTIYF,ELAGIGILTV
1,CASSSQPLAGKDTQYF,KLGGALQAK
1,CASSVYRDGQSPLHF,KLGGALQAK
1,CASRGLDRVNTEAFF,KLGGALQAK
1,CASGFRTDTQYF,KLGGALQAK
1,CASNPVIGDEQYF,DATYQRTRALVR
1,CASSYGAGGYNEQFF,AVFDRKSDAK
1,CASSEGRMNTEAFF,KLGGALQAK
1,CSGSQDPYEQYF,DATYQRTRALVR
1,CASSIDQGGELFF,AVFDRKSDAK
1,CASSSPGSTEAFF,KLGGALQAK
1,CASSDPDRIKNIQYF,AVFDRKSDAK
1,CSVEDSLVNEQF,FPRPWLHGL
1,CASSFGGGTEAFF,KLGGALQAK
1,CSARGITGGTGETQYF,NLVPMVATV
1,CASSQAVAGYYGYTF,AVFDRKSDAK
1,CASSDRATGELFF,GILGFVFTL
1,CASSLAQETQYF,KLGGALQAK
1,CASIRYRGEDTEAFF,LPRRSGAAGA
1,CASSPTSGGVYEQYF,KLGGALQAK
1,CASSQGASGFQETQYF,YLQPRTFLL
1,CASSYERGGLPKNIQYF,FLKEKGGL
1,CASYTLGYTNTGELFF,LLWNGPMAV
1,CSARVIASYNEQFF,KLGGALQAK
1,CASSLPTSVYNEQFF,KLGGALQAK
1,CASSPEGQGASAQYF,KLGGALQAK
1,CASSRLDRDSYEQYF,RAKFKQLL
1,CASRPQGAVEAFF,KLGGALQAK
1,CSVAAGEHYEQYF,KLGGALQAK
1,CAILGFFSTGELFF,NLVPMVATV
1,CASSRPPEVAGNTIYF,IVTDFSVIK
1,CASSLPGGKVSGANVLTF,NLVPMVATV
1,CASSLDPGETQYF,KLGGALQAK
1,CASSLNRGGSYEQYF,GILGFVFTL
1,CASSSGQGGEKLFF,KLGGALQAK
1,CASSFWGLSTEAFF,AMFWSVPTV
1,CASSFRDRGSSGGIKGEKLFF,IVTDFSVIK
1,CASSFIDLSGAGGYTF,NLVPMVATV
1,CASSIRNSYNEQF,GILGFVFTL
1,CASRMGQKNQPQHF,CRVLCCYVL
1,CASSYGGRGYTF,GLCTLVAML
1,CASSLGTDYGYTF,KLGGALQAK
1,CASSQGQGGEKLFF,TPRVTGGGAM
1,CASSEPPQGRNTEAFF,AVFDRKSDAK
1,CASTTGQINYGYTF,GPGHKARVL
1,CASSLEYRTGVLNQPQHF,KLGGALQAK
1,CASSLSGSTDTQYF,KLGGALQAK
1,CAYSGGGADGLTF,KLVALGINAV
1,CASSSRQGKEAF,LPPIVAKEI
1,CATSDSGQAFADTQYF,CRVLCCYVL
1,CASRLSGSAYEQYF,RLRAEAQVK
1,CASGQGDNEQYF,ELAGIGILTV
1,CASMGGAGELFF,ELAGIGILTV
1,CASSQGGQGYEQYF,GILGFVFTL
1,CASSGELGDTQYF,NLVPMVATV
1,CASSPPGTSGSSSYNEQFF,KLGGALQAK
1,CASSQVLVGRDSYNEQFF,KLGGALQAK
1,CASSLATEQFF,AVGSYVYSV
1,CATSDLGHVNSPLHF,KLGGALQAK
1,CASSVATSGTGELFF,KLGGALQAK
1,CSVEQMNTEAFF,KLGGALQAK
1,CASSQDQQAGGLFTAGDTQYF,KLGGALQAK
1,CSAKRVFPLDEQFF,LPRRSGAAGA
1,CASSLGHFEGNQPQHF,KMVAVFYTT
1,CSVAPDRFNSPLHF,KLGGALQAK
1,CASRLRHRASPLHF,ELAGIGILTV
1,CASSASGREETQYF,SLLRSLENV
1,CASSLESGHYEQYF,IPSINVHHY
1,CASSLTATDTQYF,GILGFVFTL
1,CSARDQDQRGSSTDTQYF,KLGGALQAK
1,CASSSTGGSLITDTQYF,KLGGALQAK
1,CASSIDPPGLADNEQF,RYPLTFGWCF
1,CASSLEEGYEQYF,NLVPMVATV
1,CASSQDQSDAILAKNIQYF,KLGGALQAK
1,CASSLMGRGPNTGGLFF,GLCTLVAML
1,CASSPWTPTTDTQYF,VVMSWAPPV
1,CASTPRRLGLFPSSGNTIYF,RLRAEAQVK
1,CASSARLAGDFNEQFF,KLGGALQAK
1,CSARGEVPTSGRWEETQYF,GILGFVFTL
1,CASSIVSTGELFF,GILGFVFTL
1,CASSLSGVGDGYTF,KLWAQCVQL
1,CASSISLATYNEQFF,KLGGALQAK
1,CASSDNTGFYGYTF,TPRVTGGGAM
1,CASEDLNTGELFF,YLQPRTFLL
1,CSARDYKLLLQETQYF,RLRAEAQVK
1,CASSTWGGGAYNEQFF,GILGFVFTL
1,CASSDGGGGYYNEQFF,KLGGALQAK
1,CASSLAVSYTEAFF,LPRRSGAAGA
1,CAAMRVDQETQYF,AVFDRKSDAK
1,CASRGLAGEAGELFF,KLGGALQAK
1,CALEGVGGNTIYF,LPRRSGAAGA
1,CSAFPGPREAYEQYF,KLGGALQAK
1,CAFGQQNTGELFF,YLQPRTFLL
1,CSARYDYEQYF,EIYKRWII
1,CATSVPTGHNQPQHF,KLGGALQAK
1,CASSLGRGRGNEQFF,VSFIEFVGW
1,CASSVEGNEQFF,KLGGALQAK
1,CASRGTGGYYEQYF,NLVPMVATV
1,CASSLGTEWGYDNTQYF,EIYKRWII
1,CASSFLEGTEAFF,NLVPMVATV
1,CASSIYGFTGELFF,KLGGALQAK
1,CAGSLVGRGLDEQYF,KRWIIMGLNK
1,CASSYGAGERYEQYF,KLGGALQAK
1,CASSRASRQGSTDTQYF,AVFDRKSDAK
1,CASSYFRDRVGDQPQHF,NLVPMVATV
1,CASSEHMGGQGRVYGYTF,IVTDFSVIK
1,CSARDDRGALSNQPQHF,KLGGALQAK
1,CASSLARDKSTDTQYF,KLGGALQAK
1,CAGQSNAGGTSYGKLTF,CVNGSCFTV
1,CASSHGGTEAFF,KLGGALQAK
1,CASRNRGYEQFF,KLGGALQAK
1,CASSLEGGAALWDTQYF,KRWIILGLNK
1,CASSPRLAGGKGSTDTQYF,KLGGALQAK
1,CASSQEASGRGFNEQFF,KLGGALQAK
1,CASSQDELAASTDTQYF,EAAGIGILTV
1,CASGRAGGPGNEQSF,GILGFVFTL
1,CASSLEGGSSSYEQYF,CRVLCCYVL
1,CASSLEGRNTEAFF,LPRRSGAAGA
1,CASSQAGAYEQYF,LLWNGPMAV
1,CASRPDRAGSNQPQHF,QASQEVKNW
1,CASSSEGGNEKLFF,LPRRSGAAGA
1,CASSHVSPNTGELFF,RLQSLQTYV
1,CASSMGQGDYEQYF,GTSGSPIVNR
1,CASSYKGSSPPTEAFF,LPRRSGAAGA
1,CASSQDRMSNQPQHF,KLGGALQAK
1,CASSFGQGNTGELFF,NLVPMVATV
1,CAWSQGASGNQPQHF,GILGFVFTL
1,CASTIMGSGNTIYF,GILGFVFTL
1,CASSQGLGGLVYEQYF,LLDFVRFMGV
1,CSARDRDTEAFF,AVFDRKSDAK
1,CASSQSPGGTQYF,GLCTLVAML
1,CASSTGTVSNTGELFF,GLCTLVAML
1,CASSDTGTHIYEQYF,ATDALMTGY
1,CASSLIPGAFF,NLVPMVATV
1,CAIRPTGISYEQYF,GILGFVFTL
1,CSAMGWDSSYEQYF,NLVPMVATV
1,CASSLLPGQEKLFF,CRVLCCYVL
1,CASSERTGYEAFF,NYNYLYRLF
1,CATSRGGAYEQYF,LLWNGPMAV
1,CASSRGPGQGEETQYF,AVFDRKSDAK
1,CASSRLAGGLDTQYF,AMFWSVPTV
1,CASSARDGSMYF,LPRRSGAAGA
1,CAWSWLAGGPTETQYF,LPRRSGAAGA
1,CASSDFGAAVNTGELFF,KLGGALQAK
1,CASREVGGLDTDTQYF,KLGGALQAK
1,CASSQSGTGYGYTF,AVFDRKSDAK
1,CASSLGYEQFF,KLGGALQAK
1,CASSLAQVQYTEAFF,KLGGALQAK
1,CATLGQGEVEPQHF,KLGGALQAK
1,CASSFRGTEAFF,KLGGALQAK
1,CASSPGLAGVYEQYF,CTELKLSDY
1,CASSTLPGTPRNEQYF,EIYKRWII
1,CAIRGFLGTGKNTEAFF,KLGGALQAK
1,CASSQDSRGLAAGELFF,LPRRSGAAGA
1,CSARGGVAILNSNQPQHF,KLGGALQAK
1,CASSYRTSGEYEQYF,LPRRSGAAGA
1,CASSLIGEETTEDEQFF,LPRRSGAAGA
1,CAISALQNRGGYTF,KLGGALQAK
1,CASSYSGDDTQYF,SFHSLHLLF
1,CASSDSLGDRGSYEQYF,KLGGALQAK
1,CASSLEPLIQVTDTQYF,FRCPRRFCF
1,CAWSISDIMNTEAFF,NLVPMVATV
1,CASSLTGQLETQYF,ATDALMTGF
1,CASRLAGYNEQFF,KLGGALQAK
1,CASRVGQGVVGELFF,FLKEKGGL
1,CASSYFGGNTEAFF,NLVPMVATV
1,CSARDPPRVNTGELFF,YLQPRTFLL
1,CSAMTSGSSYEQYF,KLGGALQAK
1,CASSPGQGGTEAFF,ELAGIGILTV
1,CAISPGGEQFF,KLVALGINAV
1,CASFEGGNSPLHF,VYFLQSINF
1,CASSVDAGFTDTQYF,QASQEVKNW
1,CASSQGSGTSYSGEAFF,KLGGALQAK
1,CASSDGTGLNEQYF,KLGGALQAK
1,CASNGGSYEQYF,ELAGIGILTV
1,CATSRGRQGTLSYEQYF,KLGGALQAK
1,CAWSVGAGVGEQYF,KLMNIQQKL
1,CASSFGGYEQYF,NLVPMVATV
1,CATSGPEDTGELFF,KLGGALQAK
1,CASSPLSTDTQYF,LPRRSGAAGA
1,CSAGSDLAGVVTDTQYF,KLGGALQAK
1,CSARDQTAYYGYTF,NLVPMVATV
1,CAISGGTSRDTEAFF,RAKFKQLL
1,CASGLDNVMTGYEQYF,KLGGALQAK
1,CASSTPRQGSNTGELFF,KLGGALQAK
1,CAISRGNEQYF,GILGFVFTL
1,CASSRVDTQYF,KLGGALQAK
1,CASGIPSTTGAVGTDTQYF,LLWNGPMAV
1,CASSYPRVGSKNIQYF,KLGGALQAK
1,CASSVRSSMNTEAFF,RLRAEAQVK
1,CASSLDQGGTEAFF,NLVPMVATV
1,CASSQPTASSGNTIYF,KLGGALQAK
1,CASSLRIDGTDTQYF,GLCTLVAML
1,CSARSSRQGVGSPLHF,KLGGALQAK
1,CSAPAGEQFF,AVFDRKSDAK
1,CASSSHDWTGVDSPLHF,TPRVTGGGAM
1,CASSARSKNIQYF,NLVPMVATV
1,CASSSPVGYEQYF,KLGGALQAK
1,CASSYGLYSNQPQHF,KLGGALQAK
1,CSAGGPGIEQFF,LPRRSGAAGA
1,CASSVEAGAGVQQYF,NLVPMVATV
1,CASSYGLNQPQHF,LLLGIGILV
1,CASSKQQRSDYGYTF,NLVPMVATV
1,CASSFGQGAFF,NLVPMVATV
1,CASSLMGGANQGYTF,NEGVKAAW
1,CAISTGARPGNTIYF,KLGGALQAK
1,CASSPSSYEQYF,AVFDRKSDAK
1,CASSAWDRSSGANVLTF,NLVPMVATV
1,CASSLDTGTALSYEQYF,NLVPMVATV
1,CASSLAGDSPTDTQYF,KLGGALQAK
1,CASSLLGAGRDFGYTF,CRVLCCYVL
1,CASSSTGYGNQPQHF,KLGGALQAK
1,CATSRDSTDWQYF,ELAGIGILTV
1,CASSQGEGYEQYF,KLWASPLHV
1,CASSKEPGLEFF,KLGGALQAK
1,CASTRQGLGQPQHF,ELAGIGILTV
1,CASSLGGTEAFF,TSTLQEQIGW
1,CASSSSGSGEGYTF,KLGGALQAK
1,CASSGGTASTDTQYF,ATDALMTGY
1,CASSYKGLAITTYEQYF,RAKFKQLL
1,CASSLVGVPGANVLTF,EAAGIGILTV
1,CASSLGEQPQHF,KRWIILGLNK
1,CASTHLRSGGVYEQYF,KLGGALQAK
1,CASSDRVGGMNTEAFF,AVFDRKSDAK
1,CASSFPYQGDTEAFF,LLFGYPVYV
1,CSVGQGATEQYF,VLEETSVML
1,CASSAGTGYNEQFF,LPRRSGAAGA
1,CSVSASGGDEQYF,GILGFVFTL
1,CASSEALRASGGIGELFF,GPGHKARVL
1,CASLKGGGTEAFF,MLNIPSINV
1,CASILPQGTQYF,KLGGALQAK
1,CASSHDDLRGEYNEQFF,RAKFKQLL
1,CASSLVRAATGELFF,KLGGALQAK
1,CASSLVGSGQGDEQFF,TPRVTGGGAM
1,CASRGTGQETQYF,KLGGALQAK
1,CASSFVEATSGSSAQYF,KLGGALQAK
1,CAWSGGTTEAFF,KLGGALQAK
1,CASTGLAYNEQFF,KLGGALQAK
1,CAIQTGMNTEAFF,TPQDLNTML
1,CASSQGGLGQPQHF,EAAGIGILTV
1,CATQDVNTGELFF,YLQPRTFLL
1,CASSYSGQGTDTQYF,NLVPMVATV
1,CASSLSWGQETQYF,NLVPMVATV
1,CASSVAGDDRETQYF,EIYKRWII
1,CASSYSHRLGLHEQYF,RYPLTFGWCF
1,CASKLRGEETQYF,KLGGALQAK
1,CASSLAVGMNTEAFF,KLGGALQAK
1,CASSSQAGAGDTYNEQFF,NLVPMVATV
1,CARNATGNYGYTF,QIKVRVKMV
1,CASSYPGVTMNTEAFF,KLGGALQAK
1,CASSLVRPPTDTQYF,KLGGALQAK
1,CASSLDVGDTEAFF,KLGGALQAK
1,CASSSLGGIGTDNEQFF,KLGGALQAK
1,CASSSNQGRSYGYTF,KLGGALQAK
1,CASSLVASVNPAYGQYF,NLVPMVATV
1,CASSEWLAGRDEQFF,NLVPMVATV
1,CASSLPHNTEAFF,GPRLGVRAT
1,CASSFLVSNGADTQYF,KLGGALQAK
1,CSARAPAGAYEQYF,KLGGALQAK
1,CASSGGYEQYF,LLWNGPMAV
1,CASSIAAYYEQYF,NLVPMVATV
1,CASSQIMEAPYGYTF,LLWNGPMAV
1,CASTRGDSYEQYF,KLGGALQAK
1,CASSFPFGGGREETQYF,CRVLCCYVL
1,CAWRRLAGEDTQYF,KLGGALQAK
1,CASSLIGDTQYF,KLGGALQAK
1,CASSPGQGGNQPQHF,KLGGALQAK
1,CSARDIRGYTF,KLGGALQAK
1,CASSFPRVNTGELFF,VTEHDTLLY
1,CSARDRGAGAQYF,KLGGALQAK
1,CASSQQTGYGYTF,KLGGALQAK
1,CASSSGQKAPGELFF,GLCTLVAML
1,CASSLFAGGELFF,KLGGALQAK
1,CASSQRQGNNSPLHF,SFHSLHLLF
1,CASSVEGAGTEAFF,NLSALGIFST
1,CASSTGATGSNNEQFF,LLWNGPMAV
1,CASSYSQGWRNYGYTF,KLGGALQAK
1,CASSLRGGGDTQYF,NLVPMVATV
1,CASSHLSGVRSYNEQFF,KLGGALQAK
1,CASSTGTAAYEQYF,KLGGALQAK
1,CASSPQGLGQPQHF,ELAGIGILTV
1,CASSLGTGLYGYTF,GILGFVFTL
1,CASSLMLGEETQYF,TTDPSFLGRY
1,CASSLPGQGISYGYTF,KLGGALQAK
1,CASTPGQKNTEAFF,CRVLCCYVL
1,CATGSGNEQYF,KLGGALQAK
1,CAISESILWVVRMNTEAFF,RLRAEAQVK
1,CASSIYSSYEQYF,GILGFVFTL
1,CASSSTGGGEKDQPQHF,GLCTLVAML
1,CATSVPGTDTQYF,CINGVCWTV
1,CASRVQMENEKLFF,KLGGALQAK
1,CASSIGGLAGATQETQYF,KLGGALQAK
1,CASSLQVIYEQYF,KLGGALQAK
1,CASSFDRGSAGNTIYF,NLVPMVATV
1,CASSLGLAGPSTDTQYF,KLGGALQAK
1,CASSDWTGSLGNNEQFF,GILGFVFTL
1,CASSQDRVRETQYF,GILGFVFTL
1,CSVETGQTQETQYF,GILGFVFTL
1,CASSWQPNTEAFF,AVFDRKSDAK
1,CASSRDSSSTDTQYF,NLVPMVATV
1,CASSTVVGGTEAFF,KLGGALQAK
1,CASSGRAGDTQYF,GILGFVFTL
1,CASSVRVASMTGELFF,RAKFKQLL
1,CATSRVGTNQPQHF,ELAGIGILTV
1,CASRKGGRADEQFF,KLGGALQAK
1,CASSLGTGDGYTF,KLGGALQAK
1,CASSLNGGGGTTDEAFF,KLGGALQAK
1,CASSLTGLQYQETQYF,CRVLCCYVL
1,CASSTTAYSNQPQHF,KLGGALQAK
1,CASSQASNQPQHF,KLGGALQAK
1,CASSLLGLAETQYF,RAKFKQLL
1,CAISDAGLATGELFF,KLGGALQAK
1,CATSRGGERTDTQYF,KLGGALQAK
1,CSVLPPDRGLNQPQHF,GILGFVFTL
1,CASAWGGMTNEQYF,ELAGIGILTV
1,CASSIRSAQPQHF,GILGFVFTL
1,CASSDTGYDSPLHF,VMVELVAEL
1,CASSPSAGVPYNEQFF,IVTDFSVIK
1,CASSESWGPYEQYF,IVTDFSVIK
1,CASSRTTTPSYEQYF,KLGGALQAK
1,CASSARVREKLFF,KLGGALQAK
1,CAGYMDTGRRALTF,LLWNGPMAV
1,CASSIGYHGYTF,GILGFVFTL
1,CASSQETGYGYTF,KLGGALQAK
1,CASSQVAREDEKLFF,NLVPMVATV
1,CASSGDPTGLAPQMAQYF,KLGGALQAK
1,CASSYFLAQTGINTGELFF,NLVPMVATV
1,CASSYQGTEAFF,GLCTLVAML
1,CASRLSSRGMNTEAFF,AVFDRKSDAK
1,CASSLAVGETRNSPLHF,KMVAVFYTT
1,CASSILVTSEQYF,GILGFVFTL
1,CASSYPQGGEAFF,KLGGALQAK
1,CASSPVSGTGNYGYTF,NLVPMVATV
1,CASSIRSGVEQYF,GILGFVFTL
1,CATSEGTSGSGYNEQFF,KLGGALQAK
1,CASSLFVGTGGDEQYF,KLGGALQAK
1,CASSPTSGDTDTQYF,CRVLCCYVL
1,CASSVDRGGYTF,KLGGALQAK
1,CATSESLAGGGYNEQFF,AVFDRKSDAK
1,CASSVDEGNTGELFF,CINGVCWTV
1,CASSSHDTGGYNSPLHF,TPRVTGGGAM
1,CASTPRPGLLPPNYGYTF,KLGGALQAK
1,CASTPRDASSGANVLTF,KLGGALQAK
1,CASSQDNRGATDTQYF,KLGGALQAK
1,CASSGTAPAAEAFF,KRWIILGLNK
1,CASSQDGTSGKETQYF,GLCTLVAML
1,CASSQFPRGDTEAFF,LPRRSGAAGA
1,CASSFIPGQGTHYSNQPQHF,FLKEKGGL
1,CASSQAPARNTEAFF,KLGGALQAK
1,CASSLEVTYEQYF,NLSALGIFST
1,CASSLISLTNEQFF,CRVLCCYVL
1,CASSELEKGGNSPLHF,KLGGALQAK
1,CASSHATSGRGYEQYF,LPRRSGAAGA
1,CSARDSRANTEAFF,KLGGALQAK
1,CASSEAVLGGNSYEQYF,LLWNGPMAV
1,CASSSVNEQFF,NLVPMVATV
1,CASSLGPLMAKNIQYF,ELAGIGILTV
1,CASSEDPWGSYNEQFF,KLGGALQAK
1,CASRLGLAGGINEQFF,TPRVTGGGAM
1,CASSSGIAGNNEQFF,KLGGALQAK
1,CATSERGSTDTQYF,LPRRSGAAGA
1,CASSQDPTAGVGYTF,LPRRSGAAGA
1,CASSLMATDTQYF,RAKFKQLL
1,CASSVASGTDTQYF,FLRGRAYGL
1,CASSQNLGQGVAEAFF,KLGGALQAK
1,CASSEGPMNTEAFF,LLLGIGILV
1,CASSLSGGLAFEPDTQYF,ELAGIGILTV
1,CASSSTGGTNTEAFF,GILGFVFTL
1,CSAPPDSLNTEAFF,NLVPMVATV
1,CSARDGSGNGYTF,GLCTLVAML
1,CSARHRGSGELFF,ELAGIGILTV
1,CATSRESGTGGPIQYF,NLVPMVATV
1,CASRRQIDQETQYF,KLGGALQAK
1,CASSYGAGGYNEQFF,AYAQKIFKI
1,CASSFQGEAGLNEQFF,KLGGALQAK
1,CASSTLSTDTQYF,GILGFVFTL
1,CASSSSSQENTEAFF,KLGGALQAK
1,CASSLGLAHNEQFF,KRWIILGLNK
1,CASSYSGGSYIEFF,LLWNGPMAV
1,CASSLKKQTGGSNYGYTF,KLGGALQAK
1,CASSASVIAGKLF,LPPIVAKEI
1,CASSSWDRASGANVLTF,NLVPMVATV
1,CASSLGQGNTEAFF,LPRRSGAAGA
1,CASRWTSGGNEQFF,CRVLCCYVL
1,CASSQEQGPGNQPQHF,NLVPMVATV
1,CASSAGGALTGELFF,GLCTLVAML
1,CASSGGQIDTQYF,KLGGALQAK
1,CASRKDNGVAGELFF,GILGFVFTL
1,CASSPPTGTYYNEQFF,AVFDRKSDAK
1,CASSPGVFGNEQFF,KRWIILGLNK
1,CASSIGPALNTEAFF,TPRVTGGGAM
1,CSATGTSGILGNEQFF,KLGGALQAK
1,CASTQSWQGQETQYF,LLLGIGILV
1,CASRTVNPPLHF,GILGFVFTL
1,CSAREVSGEKLFF,AVFDRKSDAK
1,CAGTVYRSGYTF,LPRRSGAAGA
1,CASSLRGTEAFF,KLGGALQAK
1,CSARDPGETGYEQFF,GILGFVFTL
1,CASRPFLDRGDYGYTF,AVFDRKSDAK
1,CASSSRPPPDTQYF,CRVLCCYVL
1,CASSLHETGMNTEAFF,VTEHDTLLY
1,CASRTKTVNTEAFF,ELAGIGILTV
1,CASSYSTGYEQYF,ELAGIGILTV
1,CASRERGWVEQFF,KLGGALQAK
1,CAWRAPDNSPLHF,KLGGALQAK
1,CASSFHDSQGAGSPLHF,TPRVTGGGAM
1,CASVGLAVVGELFF,SPRWYFYYL
1,CASSSVGTEAFF,KLGGALQAK
1,CASSQRLGPEQGGTGELFF,LLFGYPVYV
1,CASSPGTVYGYTF,ELAGIGILTV
1,CASSLSGEQFF,KLGGALQAK
1,CATSNTGYSGANVLTF,KLGGALQAK
1,CASSSGRLSGGNEQFF,CRVLCCYVL
1,CASSPTSGGQETQYF,KLGGALQAK
1,CASSEDQGLTATYEQYF,CVNGSCFTV
1,CATSPTANTEAFF,MLNIPSINV
1,CASSLKTHYSNQPQHF,GILGFVFTL
1,CASSLEASTDTQYF,RLPGVLPRA
1,CAMREDRDNYGKNFVF,GLCTLVAML
1,CASSVDGGEFYEQYF,VYFLQSINF
1,CSVDLANAEAFF,GLCTLVAML
1,CASSLGVAGEAFF,VTEHDTLLY
1,CASGLAVPVDGYTF,HPKVSSEVHI
1,CASSPGRSYEQYF,KLGGALQAK
1,CASRKGVTTEAFF,NLVPMVATV
1,CACVIAGELFF,LPRRSGAAGA
1,CASRGPGQMNTGELFF,YLQPRTFLL
1,CASSYSWTSGGVYNEQFF,KLGGALQAK
1,CSATESTDTQYF,KLGGALQAK
1,CASSPGGGNEQFF,KLGGALQAK
1,CASSLEGLAGAGIQYF,KLGGALQAK
1,CASTPGYMNTEAFF,KLGGALQAK
1,CSAGTDTGELFF,KLGGALQAK
1,CASSRQDYNEQFF,LPRRSGAAGA
1,CASSGRSADTQYF,GILGFVFTL
1,CASSAGTGVYGYTF,KLGGALQAK
1,CASTPRDRSNYEQYF,QYDPVAALF
1,CAISEPGQSSSYNEQFF,KLGGALQAK
1,CALSEPYSGAGSYQLTF,KLVALGINAV
1,CASSGTGTSAFATNEKLFF,AVFDRKSDAK
1,CSVRWESTDTQYF,KLGGALQAK
1,CASSLEWLDSPFLRTEAFF,KSKRTPMGF
1,CASSSQGGFDGYTF,FLYALALLL
1,CASSVDPGNSEKLFF,KLGGALQAK
1,CASSPGTVQSDTQYF,KLGGALQAK
1,CASSLRTGGFPSGTSGSTDTQYF,KLGGALQAK
1,CASSYTGTDSPLHF,AVFDRKSDAK
1,CASSPDLNPYEQYF,VVMSWAPPV
1,CASVVYRGTEAFF,KLGGALQAK
1,CSARVGLAGDRNEQYF,NLVPMVATV
1,CASTPGGEKLFF,AVFDRKSDAK
1,CASSFTSGTTDTQYF,GLCTLVAML
1,CASPIRNEQFF,YADVFHLYL
1,CASSLTSLAGVNEQFF,KLGGALQAK
1,CATSRVGQWNTEAFF,GPGHKARVL
1,CASSISESCGYTF,GILGFVFTL
1,CATSREWPGELFF,SIIAYTMSL
1,CASSPRGMRADGTDTQYF,NLVPMVATV
1,CASSQEQLYYNEQFF,KLGGALQAK
1,CASSNRGGNEQFF,NQKLIANQF
1,CASSVAESPGYPPLVTEAFF,IVTDFSVIK
1,CASSRGYLMYEQYF,LPRRSGAAGA
1,CASSQDWGNEQFF,LMFWASSSI
1,CASSPTDSYEQYF,IVTDFSVIK
1,CASSQVGHYGYTF,NLVPMVATV
1,CASSSNYQGDYGYTF,CRVLCCYVL
1,CASSPGQGLPGANVLTF,KLGGALQAK
1,CASSPGTGTYNEQFF,GLCTLVAML
1,CASSPSGRIHEQFF,NLVPMVATV
1,CASSLVAGELNEQFF,KLGGALQAK
1,CASSTGTSGVQPQHF,KLGGALQAK
1,CASSRFALNTEAFF,ELAGIGILTV
1,CASSPGTEPNEKLFF,IPSINVHHY
1,CASTNDGLSSYNSPLHF,AVFDRKSDAK
1,CASSLSLAHEQYF,NLVPMVATV
1,CATSGAAYSGANVLTF,RLRAEAQVK
1,CASSYGTGNGYTF,ELAGIGILTV
1,CSVEDGTGGSGTRAYEQYF,LPRRSGAAGA
1,CASSYSPTQGENTIYF,KLGGALQAK
1,CASSEKTGTGPHEQYF,KLGGALQAK
1,CSAGTGEGGEQF,RAKFKQLL
1,CASFLNTEAFF,ISPRTLNAW
1,CATSRDKGTDTQYF,NLVPMVATV
1,CASRMGGKNTEAFF,NLVPMVATV
1,CASSVVGGADVDTQYF,KLGGALQAK
1,CASSAGTGIYDGAFF,TPRVTGGGAM
1,CAGAPRTSGTYKYIF,GILGFVFTL
1,CASSLSDVSWNTEAF,TPQDLNTML
1,CASSSSGQPPQETQYF,NLVPMVATV
1,CASSRLYNEQFF,LPRRSGAAGA
1,CASSGGQGSEAFF,KLGGALQAK
1,CASSYLWGQYEQYF,EIYKRWII
1,CASSLGGGLGNEQFF,KLGGALQAK
1,CASSFVRASTEAFF,YLQPRTFLL
1,CASSFAGGSYNEQFF,AVFDRKSDAK
1,CASSFQGYNEQFF,KLGGALQAK
1,CASSLGPDLNTEAFF,NLVPMVATV
1,CASSTLTGEDSGPQHF,GLNKIVRMY
1,CASSPGQGAYTGELFF,NLVPMVATV
1,CASSGRWGEQFF,CRVLCCYVL
1,CASSLSMVILESGALGAFF,ELAGIGILTV
1,CATSDRTGTGIQANYGYTF,ELAGIGILTV
1,CSVSPRGRYNEQFF,TPGPGVRYPL
1,CASSPGTNAYEQYF,KRWIILGLNK
1,CASSLGGARNTEAFF,KLGGALQAK
1,CASSLGRGNLYGYTF,KLGGALQAK
1,CASSLMGLAGVPGELF,RYPLTFGWCF
1,CAMTTQSSYEQYF,TTDPSFLGRY
1,CASGLKQGLETQYF,KLGGALQAK
1,CSAPFGLAGEGGNEQFF,LPRRSGAAGA
1,CSGSGASTDTQYF,NLVPMVATV
1,CSARSARGTDTQYF,LPRWYFYYL
1,CAMRGDPGGTSYGKLTF,GILGFVFTL
1,CASSPGGTEAFF,ELAGIGILTV
1,CSAQGTETNYGYTF,ELAGIGILTV
1,CSVRTTGDQETQYF,KLGGALQAK
1,CASSLALAGPYEQYF,ELAGIGILTV
1,CASSALAGNTEAFF,KLGGALQAK
1,CASSGRSNTEAFF,GILGFVFTL
1,CASSLGGGQAGYEQYF,NLVPMVATV
1,CAIKDRGGLSYEQYF,KLGGALQAK
1,CASRNGTVNTEAFF,KLGGALQAK
1,CSARPMTSGPYNEQFF,NLVPMVATV
1,CASRGTHYGYTF,HPVTKYIM
1,CSARDSAIGANPERNYGYTF,GLCTLVAML
1,CASSLTAYGYTF,KLGGALQAK
1,CATSPRGGAVEQF,TPGPGVRYPL
1,CASSPTGPFYGYTF,ATDALMTGY
1,CASSIDRSGVTEAFF,KLGGALQAK
1,CASSYPSNPGGTEAFF,LPRRSGAAGA
1,CASSFGPSNQPQHF,KRWIILGLNK
1,CASSIISLDTQYF,GILGFVFTL
1,CASSPGVGAEAFF,KLGGALQAK
1,CASSPGTGGFQPQHF,KLGGALQAK
1,CASSLSARSSYEQYF,ELAGIGILTV
1,CASSSNRGKETQYF,TPRVTGGGAM
1,CASSSREVTGELF,QIKVRVKMV
1,CSALGPAGETQYF,AVFDRKSDAK
1,CASSSYSGTASYEQYF,KSKRTPMGF
1,CASSLWTGHYYGYTF,KLGGALQAK
1,CASGTAGGPSTDTQYF,MTLHGHMMY
1,CASSSDDAFYGYTF,KLGGALQAK
1,CASSEGIEGWGYTF,KLGGALQAK
1,CASRSASNEQFF,GLCTLVAML
1,CASTGGSSYNEQFF,KLGGALQAK
1,CATSDRTSGRAKETQYF,IVTDFSVIK
1,CASSYPIQGTSNQPQHF,GILGFVFTL
1,CSAREWAWEETQYF,GPRLGVRAT
1,CASSRGSESQNTEAFF,KLGGALQAK
1,CASSEYTGTNTEAFF,LPRRSGAAGA
1,CASSVEDYGSVSYGYTF,GILGFVFTL
1,CSARVSPEGGPENYGYTF,QYDPVAALF
1,CASSGGTGPYEQYF,KLGGALQAK
1,CASSFGSHGYTF,GILGFVFTL
1,CATLLDRYNEQFF,SFHSLHLLF
1,CSARDMAGAGDTQYF,LPRRSGAAGA
1,CASSPSLQVAQHF,ALYGFVPVL
1,CASSLASGGALYNEQFF,LLWNGPMAV
1,CALSEALVTGGGNKLTF,GILGFVFTL
1,CASAGGNQPQHF,RLRAEAQVK
1,CASSPHGNQPQHF,RLRAEAQVK
1,CASSSTGGGVTEAFF,GILGFVFTL
1,CASSVGQGEYEQYF,GTSGSPIINR
1,CASSIRSGAEQYF,GILGFVFTL
1,CASSLGTDYEQYF,KLGGALQAK
1,CASRGTSGDTDTQYF,ELAGIGILTV
1,CASSGLGLAVFNEQFF,KLGGALQAK
1,CSALGTGRSYEQYF,ELAGIGILTV
1,CASSIRRDVYYEQYF,KLGGALQAK
1,CASSFDHSNEQFF,GILGFVFTL
1,CASSYYSGGSSYNEQF,TPGPGVRYPL
1,CASSIGLWRTEAFF,GILGFVFTL
1,CASSYGGISYGYTF,NLNCCSVPV
1,CASSPAGVEQYF,LPRRSGAAGA
1,CASSRLAGGSNEQFF,KLGGALQAK
1,CASSWTGPPGEQFF,LPPIVAKEI
1,CASSPWTGIPYNSPLHF,VAANIVLTV
1,CASSLESGVVTGELFF,KLGGALQAK
1,CASSLWGVDEQFF,LPRRSGAAGA
1,CASSFTGGGNEQFF,KLGGALQAK
1,CASSFPSGGGEKLFF,FTSDYYQLY
1,CASSPTGGNTGELFF,VTEHDTLLY
1,CASSPARNAGELFF,LPRRSGAAGA
1,CASSVEVLAGLILTQSNEQFF,KLGGALQAK
1,CASSLGVINTGELFF,KLGGALQAK
1,CASSQRIALGDGNQPQHF,GLCTLVAML
1,CASSQEGLRNTGELFF,AVFDRKSDAK
1,CASSQDGGYYGYTF,KLGGALQAK
1,CASSFFLSRERDEQFF,RLRPGGKKK
1,CASSRSPDTQYF,ELAGIGILTV
1,CASSIVPWGGADGYTF,GILGFVFTL
1,CASKAAGFREQYF,NLVPMVATV
1,CASSSGGRTGELFF,KLGGALQAK
1,CASSGGQANIQYF,GTSGSPIINR
1,CATQQGLGTGELFF,KLGGALQAK
1,CASSEGTVTEAFF,GILGFVFTL
1,CASSIGNSPLHF,KLGGALQAK
1,CAGYFNYGYTF,NLVPMVATV
1,CASSWDAGHGYTF,KLGGALQAK
1,CASRVGAGNTEAFF,TPRVTGGGAM
1,CSARDGVGSGSTYEQYF,KLGGALQAK
1,CASSLISGYNEQFF,KLGGALQAK
1,CSVEDLRNYGYTF,TPRVTGGGAM
1,CASSISYSGVPQHF,KLGGALQAK
1,CASSGGAGDGTEAFF,RLRAEAQVK
1,CASSPGRRSYEQYF,KLGGALQAK
1,CASSYRRAGAISSGNTIYF,KLGGALQAK
1,CASSEYEGNEQYF,CRVLCCYVL
1,CASSIWAEQPQHF,KLGGALQAK
1,CSARLSTLPADTQYF,KLGGALQAK
1,CASSQDRRLILENTGELFF,AVFDRKSDAK
1,CASSGGYEQYF,YLQPRTFLL
1,CAWSVLFGANSYEQYF,NLVPMVATV
1,CASSNVGGNDEQYF,KLGGALQAK
1,CSARMVGALQFF,KLGGALQAK
1,CASSQVHDSSNSPLHF,FRCPRRFCF
1,CASSIRSTETQYF,GILGFVFTL
1,CASTPSFEQYF,ELAGIGILTV
1,CASMRVSNQPQHF,KRKGGIGGY
1,CSARQGLNNEQFF,KRWIILGLNK
1,CASSPRQATDTQYF,KLGGALQAK
1,CASSYSRAGANEQFF,NLVPMVATV
1,CASSLGPEKEQFF,GTSGSPIVNR
1,CASSDRTGRRNEQYF,SPRWYFYYL
1,CASSDLAGTPDTQYF,KLGGALQAK
1,CAAADDKIIF,LLWNGPMAV
1,CASTGGPLGEQFF,ELAGIGILTV
1,CASSRLGDGDSNQPQHF,NLVPMVATV
1,CSVAFGRRRPEAFF,NLVPMVATV
1,CASSLGRETQYF,CRVLCCYVL
1,CASSVGPQETQYF,GLCTLVAML
1,CASSQEALGGRVDTQYF,ELAGIGILTV
1,CSARAGRGLDTDTQYF,KLGGALQAK
1,CASSLGSGGTDTQYF,KLGGALQAK
1,CASTPSGASYNEQFF,KLGGALQAK
1,CASSFGGDEQHF,ILKEPVHGV
1,CASSPNRANEQFF,AVFDRKSDAK
1,CASSPWTGGETQYF,KLGGALQAK
1,CASSLGSSNQPQHF,GILGFVFTL
1,CASSVEASGERWLFF,KLGGALQAK
1,CSAGDRGVYEQYF,NLVPMVATV
1,CSGGGYGSGTYEQYF,FPRPWLHGL
1,CASTLGGGTEAFF,ELAGIGILTV
1,CSARDGNREWLHF,GLCTLVAML
1,CASSTGQLSNTGELFF,GLCTLVAML
1,CATSGRTGGGEQYF,LLWNGPMAV
1,CATGQGPSYEQYF,KLGGALQAK
1,CSALPPLAGGHTDTQYF,AVFDRKSDAK
1,CATSSGNYGYTF,KLGGALQAK
1,CASSSGGAAEQYF,KLGGALQAK
1,CASSDPASGIDYEQYF,NLVPMVATV
1,CASSHLAGGYNEQFF,GILGFVFTL
1,CASSFLAGGNEQFF,LLWNGPMAV
1,CSVEGLAGGPHSYEQYF,KSKRTPMGF
1,CASSKRGPNTEAFF,KLGGALQAK
1,CASSLRIGTDRLHQPQHF,CRVLCCYVL
1,CASSDGQVATNEKLFF,GLCTLVAML
1,CASSPWGGNTEAFF,GILGFVFTL
1,CASSLNHEQFF,KLGGALQAK
1,CASSLEGNSYNSPLHF,KLGGALQAK
1,CASSLTGTVYEQYF,GILGFVFTL
1,CASSSGLTNTEAFF,CRVLCCYVL
1,CASSHMYLYYEQYF,KLGGALQAK
1,CASSSLTSGGARYTQYF,SPRWYFYYL
1,CASSRRSTQPQHF,GILGFVFTL
1,CASSWFGGGARDTQYF,VTEHDTLLY
1,CASSIRTGQTGELFF,NLVPMVATV
1,CASSLYGGGDQPQHF,FPRPWLHGL
1,CASSISATGELFF,GILGFVFTL
1,CASSYIIIEQYF,AVFDRKSDAK
1,CATSDNRGYGYTF,YLEPGPVTV
1,CASSSGPAEQFF,LPRRSGAAGA
1,CASSPTIQGTNEKLFF,KLGGALQAK
1,CAISELSGGEVYF,NLVPMVATV
1,CATSPRTNYGYTF,ELAGIGILTV
1,CASSEFRSPYEQYF,NYNYLYRLF
1,CSVSRRYGYTF,IVTDFSVIK
1,CASLLLGTAAEAF,NLVPMVATV
1,CASSQAVGGTNTDTQYF,RLQSLQTYV
1,CASSHYQPQHF,KLGGALQAK
1,CASSSTGYPQYF,AVFDRKSDAK
1,CASSPYSTGSGELFF,KLGGALQAK
1,CASSLSPPPDEQFF,AVFDRKSDAK
1,CASSIDRAAGSYNEQFF,AVFDRKSDAK
1,CASSQDQEGLRDTQYF,ELAGIGILTV
1,CASRKTGGYEQYF,AVFDRKSDAK
1,CASSISGQVEAFF,KLGGALQAK
1,CASSEGLGLAGGEQFF,KLGGALQAK
1,CASGYNTEAFF,ELAGIGILTV
1,CASSGRDRQNTEAFF,LLWNGPMAV
1,CASSALGQGPLDGYTF,CRVLCCYVL
1,CASSPGANNEQFF,KLGGALQAK
1,CASSLPDPGANVLTF,KLGGALQAK
1,CSAREGGILFF,KLGGALQAK
1,CASSLEGYEQYF,KLGGALQAK
1,CATSREEGQTYEQYF,FRCPRRFCF
1,CASSLGPVQTNTEAFF,CRVLCCYVL
1,CATSDLMDNEQFF,KAFSPEVIPMF
1,CASSLGPRTQYF,CRVLCCYVL
1,CASRGLLGGITEAFF,YVLDHLIVV
1,CSARTWTGNTIYF,ILNVDIFTL
1,CASSYWGFNQPQHF,RAKFKQLL
1,CASSLLSGDTYSYNEQFF,KLGGALQAK
1,CSARLAGLTYNEQFF,KLGGALQAK
1,CASSLWVENYGYTF,NLVPMVATV
1,CASSARAFPEGNQPQHF,QVPLRPMTYK
1,CAISESPMSGGEKETQYF,KLGGALQAK
1,CSARDLHRPGNTIYF,KLGGALQAK
1,CASGFTFQGSPEAFF,IMDQVPFSV
1,CASSPRGGAGTDTQYF,GLCTLVAML
1,CASSPGPQGQYF,KLGGALQAK
1,CASSQDLGEETQYF,KSKRTPMGF
1,CASSSQGHGRAQHF,QASQEVKNW
1,CSGTGTDNSYEQYF,KLGGALQAK
1,CASSLTPGVNQDTQYF,KLGGALQAK
1,CASSEEWGEIYEQYF,KLGGALQAK
1,CASSLPGTGGSPLHF,RAKFKQLL
1,CASSLGGTDYNEQFF,GTSGSPIINR
1,CASSFTGGTTNEKLFF,KLWAQCVQL
1,CASSYSRGVGNTIYF,QVPLRPMTYK
1,CASSSAHYGYTF,NLVPMVATV
1,CASSPMGDTQYF,KLGGALQAK
1,CASSSRTGTGETQYF,NLVPMVATV
1,CASSVGQGLVYEQFF,KLGGALQAK
1,CATQTLNTGELFF,YLQPRTFLL
1,CASSLGNEQF,EAAGIGILTV
1,CASSGIWDFTDTQYF,GILGFVFTL
1,CASTQGTYYNEQFF,KLGGALQAK
1,CASSLGGSEAFF,AVFDRKSDAK
1,CASSVDRELAYNEQFF,KLGGALQAK
1,CASSYTGGAYNEQFF,RLRAEAQVK
1,CASSLAGGDGGSTDTQYF,KSKRTPMGF
1,CASSIRSGGEQFF,GILGFVFTL
1,CASSLVGGTGGVRGYEQYF,CRVLCCYVL
1,CASMAENTGELFF,KLGGALQAK
1,CASSLAPGTTNEKLFF,NLVPMVATV
1,CSARSPLVNEQFF,KLGGALQAK
1,CAATGNVNTGELFF,YLQPRTFLL
1,CASSLSAHAGDTQYF,NEGVKAAW
1,CASSPRTGGRDTIYF,KLGGALQAK
1,CASSPLGPNYEQYF,KLGGALQAK
1,CASSAGLTNYGYTF,KLGGALQAK
1,CASSVNDGVQEDEQYF,FRCPRRFCF
1,CASSRQGASTEAFF,KLGGALQAK
1,CSVEGQQTYEQYF,NLVPMVATV
1,CASGLEALWTGELFF,LPRRSGAAGA
1,CASPYLTGHEQFF,KLGGALQAK
1,CASSFGGNAYNEQFF,NLVPMVATV
1,CASRPPDTGELF,HPKVSSEVHI
1,CASRETGVYNEQFF,NLVPMVATV
1,CASSWNPSLYGYTF,NLVPMVATV
1,CASSYSGTGNTEAFF,KLGGALQAK
1,CATSPRTHGNEQFF,KLGGALQAK
1,CASSLIGEGTTEDEQFF,VTEHDTLLY
1,CASSIRAHYGYTF,GILGFVFTL
1,CASSRLAGIGYEQYF,NLVPMVATV
1,CASSLQGPHEQYF,LPRRSGAAGA
1,CASSNQGGRTF,KLGGALQAK
1,CASSNGRVSGANVLTF,NLVPMVATV
1,CASSQDMAGWGEKLFF,KLGGALQAK
1,CATSDLSGMNEQFF,NLVPMVATV
1,CASSGGDVREEQYF,GTSGSPIINR
1,CASSLEGTHEQYF,KLGGALQAK
1,CASSPLGHRDTEAFF,VSFIEFVGW
1,CASSPDRLGTGELFF,GLCTLVAML
1,CASSLDRTSGWGGEQFF,LPRRSGAAGA
1,CASSQDLAGGPDTQYF,GILGFVFTL
1,CASSLARGLGTGELFF,KLGGALQAK
1,CATSGTYKYIF,KLVALGINAV
1,CACSGRSGETQYF,GILGFVFTL
1,CASSRALGVDNEQFF,LPRRSGAAGA
1,CASSADRASDTIYF,AVFDRKSDAK
1,CASSLFQGSGTEAFF,AVFDRKSDAK
1,CASSKEESSYNSPLHF,YVLDHLIVV
1,CASSFRAQYF,KLGGALQAK
1,CASSMRSSGTQYF,GILGFVFTL
1,CASSGLQGTDTQYF,NLVPMVATV
1,CASRQRGVSYNEQFF,KLGGALQAK
1,CASSDRGQPQHF,KLGGALQAK
1,CASSFQGLGTEAF,ELAGIGILTV
1,CASSLVGGHQETQYF,KLGGALQAK
1,CASSQKDGASYEQYF,KAFSPEVIPMF
1,CALKISGSGYALNF,RPRGEVRFL
1,CASSGEREDNEQFF,LPRRSGAAGA
1,CSAGGPDHQPQHF,KLGGALQAK
1,CSGVAPDSEQFF,KLGGALQAK
1,CASQPESGGEETQYF,KLGGALQAK
1,CASSKPTDSPNEQFF,ELAGIGILTV
1,CASSLIFRDGEKLFF,DATYQRTRALVR
1,CASSADPLGYGYTF,AVFDRKSDAK
1,CASSFNDEQF,ELAGIGILTV
1,CASSFGQNTEAFF,KLGGALQAK
1,CASSLWGQAYEQYF,CINGVCWTV
1,CASSDGKLAPGELFF,GLCTLVAML
1,CASVTQVGYEQYF,CRVLCCYVL
1,CASSPPTTDFSGNTIYF,KLGGALQAK
1,CASSRMGARDGYTF,RLRAEAQVK
1,CASSQVQGQGFWEQFF,KLGGALQAK
1,CATSGTGDNEQFF,NLVPMVATV
1,CASSLGGQQFF,KLGGALQAK
1,CASSSRQGGVNTEAFF,LPRRSGAAGA
1,CASSLRRLTRFAGGSTDTQYF,KLGGALQAK
1,CATSSRDTSSDEQFF,YSEHPTFTSQY
1,CSARDPGQGYEQYF,KLGGALQAK
1,CASSLEAGGAYNEQFF,KLGGALQAK
1,CASSPQAGGSYEQYF,KLGGALQAK
1,CASSGRLDRETQYF,RAKFKQLL
1,CASSFTYGPGGHEQYF,KLGGALQAK
1,CASSLVFTGGAGNEQFF,KLGGALQAK
1,CASSYLQDFTDTQYF,KLGGALQAK
1,CATSRDRGLTEAFF,KLVALGINAV
1,CASSSGLAGRTSYYNEQFF,NLVPMVATV
1,CASSHGTESSYEQYF,KLGGALQAK
1,CASSMYSVNEQFF,GILGFVFTL
1,CASSRRSADEQFF,GILGFVFTL
1,CASSEYRGPSSYEQYF,TLNAWVKVV
1,CASSRVGTTYEQYF,GILGFVFTL
1,CASSPWTGDYEQYF,KLGGALQAK
1,CSVDSAGGNYEQYF,NLVPMVATV
1,CASSLSPTEAF,TPGPGVRYPL
1,CASSVGPGNEQFF,RAKFKQLL
1,CASSIVGGTEAFF,IMDQVPFSV
1,CASSSGTEVPEQYF,KLGGALQAK
1,CASSKVGTVDQPQHF,GILGFVFTL
1,CASSMRSGNTIYF,GILGFVFTL
1,CASRYDSDSNQPQHF,KLGGALQAK
1,CASSMDRDYNSPLHF,KLGGALQAK
1,CASSQVLYNEQFF,LLFGYPVYV
1,CAVADTGNQFYF,NLVPMVATV
1,CRARGQAITEKLFF,GLCTLVAML
1,CASSLWEDGYTF,KLGGALQAK
1,CASSSTDNTGELFF,KLGGALQAK
1,CASSLWSSTGELFF,NLVPMVATV
1,CASSLEQGAYEQYF,GTSGSPIVNR
1,CSARMGDTEAFF,KLGGALQAK
1,CASIGLNTGELFF,YLQPRTFLL
1,CSARAGLNNEQFF,KRWIIMGLNK
1,CASSDLIQGVFFEQFF,KLGGALQAK
1,CAWSRGVEAFF,SLFNTVATLY
1,CASGDTNTGELFF,YLQPRTFLL
1,CATRIGGGAADTQYF,KLGGALQAK
1,CASSSQGETYEQYF,KLVALGINAV
1,CASSQVTGDGKLFF,ELAGIGILTV
1,CASSLEVAGGLGDEQFF,FRCPRRFCF
1,CASSLYGEYEQYF,KRWIILGLNK
1,CASNLGGDNEQFF,FMLYLLTLM
1,CASRIDSNQPQHF,GILGFVFTL
1,CASSYSRAGETQYF,KLGGALQAK
1,CASSRTGLSGPGELFF,KLGGALQAK
1,CASSHVVSGGSTDTQYF,AVFDRKSDAK
1,CASSLGVSNYEQYF,TPRVTGGGAM
1,CAVSDLEPNSSASKIIF,KLVALGINAV
1,CASRKGQGDWEAFF,KAFSPEVIPMF
1,CASSPISDRSGNTIYF,FPRPWLHGL
1,CVVNTDKLIF,LLWNGPMAV
1,CASSMFDSSYEQYF,GILGFVFTL
1,CASSQGQGYTEAFF,KLGGALQAK
1,CASSFLLAGVETQYF,KLGGALQAK
1,CASSVDSNEQFF,NLVPMVATV
1,CASSESKGYTF,KLGGALQAK
1,CSVGGTGDFNQPQHF,GLCTLVAML
1,CASSDGLAGEAKNIQYF,KLGGALQAK
1,CSARWDGVPGGYTF,AVFDRKSDAK
1,CASSVVGSDEQF,GLCTLVAML
1,CATSRGTGQTYEQYF,FRCPRRFCF
1,CASSSERTDGASGANVLTF,LPRRSGAAGA
1,CSARETGAAGETQYF,SFHSLHLLF
1,CASKSEKGAGGSPLHF,AVFDRKSDAK
1,CASSISTAKNIQYF,GILGFVFTL
1,CASSFVGELFF,NEGVKAAW
1,CASSPGQGGYEQYF,IMDQVPFSV
1,CASSLTGHPYEQYF,QVPLRPMTYK
1,CASSLPRDNQCF,KLGGALQAK
1,CASSQPLTGGRNTGELFF,GILGFVFTL
1,CASSQRSSDTQYF,GILGFVFTL
1,CASSPWGGGTEAFF,GLCTLVAML
1,CAISGDSQETQYF,KLGGALQAK
1,CASSRDRQSEQFF,CRVLCCYVL
1,CASSSWGTSDEQYF,MLGEQLFPL
1,CASSQGPDSPLHF,GTSGSPIVNR
1,CASSLGPLDEQYF,ELAGIGILTV
1,CASSLYAPGTGVYNEQFF,KLGGALQAK
1,CASSQDGGVTQYF,ELAGIGLTV
1,CASSMYGIGNQPQHF,NLVPMVATV
1,CASSTPGNTQYF,KLGGALQAK
1,CASSLMGVRDTEAFF,RAKFKQLL
1,CASSVADRGDEQFF,HPVTKYIM
1,CASSLTGPNYGYTF,KLGGALQAK
1,CASSLLGQGDHEQYF,RAKFKQLL
1,CASKGLAGAPGELFF,KLGGALQAK
1,CASSRTGTSYEQYF,GILGFVFTL
1,CASSLGWGTEAFF,KLGGALQAK
1,CASSLELGGVGVDEQYF,CRVLCCYVL
1,CASSLVVRGTEAFF,KLGGALQAK
1,CASSLDWTADTQYF,KLGGALQAK
1,CASSPGTSGVNEQYF,NLVPMVATV
1,CASRMDIFRMGNTIYF,GLCTLVAML
1,CATSDSGTPGNEQFF,NLSALGIFST
1,CASSMGTGVFAGELF,EAAGIGILTV
1,CASSYSDGNEAFF,KAFSPEVIPMF
1,CASSLRQAYNEQFF,KLGGALQAK
1,CASSQASGGYTGELFF,NLVPMVATV
1,CASSLNSNSYEQYF,PTDNYITTY
1,CASRQLAGFYEQYF,SPRWYFYYL
1,CASSIRSQETQYF,GILGFVFTL
1,CALSGSSVGAAGNKLTF,GILGFVFTL
1,CAISEPTSGRDTQYF,YSEHPTFTSQY
1,CASSYAETQYF,GILGFVFTL
1,CSVEEGGAGGLETQYF,KLGGALQAK
1,CASSQVVVGYGYTF,KLWASPLHV
1,CASSLSLAGREQFF,VTEHDTLLY
1,CATAPRERSYEQYF,KLGGALQAK
1,CASSRQPMNTEAFF,ALYGFVPVL
1,CASSAGTGNEQYF,KLGGALQAK
1,CASSPESGMNTEAFF,KLGGALQAK
1,CASSPGDSYNEQFF,WPWYIWLGF
1,CSVVGRESSYEQYF,LPRRSGAAGA
1,CASSENRDVTGELFF,KLGGALQAK
1,CASSLLSSAGEAFF,GILGFVFTL
1,CASSLSDVSWNTEAFF,TPQDLNTML
1,CASSQVFPPPSQYF,CRVLCCYVL
1,CASTPGTGALTDTQYF,NLVPMVATV
1,CASKGYEQFF,GILGFVFTL
1,CATSPTNEYQETQYF,LPRRSGAAGA
1,CASSIWGISGQPQHF,ELAGIGILTV
1,CASSQVIQTPNYGYTF,KLGGALQAK
1,CASSVGRLAGGSTDTQYF,KLGGALQAK
1,CASSFARGYEQYF,KLGGALQAK
1,CASSLEWDRNQPQHF,NLVPMVATV
1,CASSFEGLSYEQYF,NLSALGIFST
1,CASSTGQGNTEAFF,KLGGALQAK
1,CVGRKGRDGYPF,GILGFVFTL
1,CAERLQTGANNLFF,NLVPMVATV
1,CASSWDSGTQYF,GILGFVFTL
1,CASSQVYVEVREHGELFF,NLVPMVATV
1,CASRFVGGTSCNEQFF,ELAGIGILTV
1,CASSVRSGDTQYF,GILGFVFTL
1,CASSFTGGRYEQYF,KLGGALQAK
1,CASAQGGNTEAFF,KLGGALQAK
1,CSARDPRRKAHEQYF,NLVPMVATV
1,CASSPLTSTDTQYF,NLVPMVATV
1,CASKAGGGVETQYF,RAQAPPPSW
1,CASWWFVQTSGSYNSPLHF,KLGGALQAK
1,CASSMGDGYTF,KLGGALQAK
1,CASSLTSGGATDTQYF,KLGGALQAK
1,CASSIVAGSYNEQFF,NEGVKAAW
1,CASSNPRLDATGELFF,IVTDFSVIK
1,CASSDTGALNTEAFF,KLGGALQAK
1,CASSQEKGTEAFF,CINGVCWTV
1,CSADDYSGSSDEQFF,NQKLIANQF
1,CASAPGEQPYEQYF,KLGGALQAK
1,CASSVDDGEYYNEQFF,KLGGALQAK
1,CASSLVQDGLATNEKLFF,GILGFVFTL
1,CASSESSDVYGYTF,CRVLCCYVL
1,CASSYSGRFREQFF,NLVPMVATV
1,CASSQGAGELFF,GILGFVFTL
1,CATGPRGSSYNEQFF,RLPGVLPRA
1,CASSSTGGYEQYF,KLGGALQAK
1,CSARSEGAGQFF,KLGGALQAK
1,CASSSPGTALSGELFF,IVTDFSVIK
1,CASSQDLSGGTGELFF,KRWIILGLNK
1,CASTVSGEPSTDTQYF,KLGGALQAK
1,CASSLFATNTDTQYF,GILGFVFTL
1,CASSTNQQGMGEKLFF,KLGGALQAK
1,CASSDYFSSYEQYF,KLGGALQAK
1,CASSSGTVNNEQFF,NLVPMVATV
1,CASSINTFGDEQYF,ELAGIGILTV
1,CASSRSSYEQYF,AVFDRKSDAK
1,CASSWTGGANSPLHF,KLGGALQAK
1,CASSPNPAYEQYF,GLCTLVAML
1,CASSLEGGLLYGYTF,KLGGALQAK
1,CASSRAGRTDTQYF,AVFDRKSDAK
1,CASSAWDINTGELFF,IVTDFSVIK
1,CSARDVVDGNTGELFF,FLKEKGGL
1,CAISEFGLAGSDEQF,ELRRKMMYM
1,CASSEQGYEQYF,KLGGALQAK
1,CASSGMDYGYTF,KAFSPEVIPMF
1,CASSSLRGSNQPQHF,YVLDHLIVV
1,CASSPGVFGVTQYF,KRWIILGLNK
1,CASSQDRVKGLYNSPLHF,KLGGALQAK
1,CASSTHGGGNTEAFF,GILGFVFTL
1,CASGGRGGYTF,AIFYLITPV
1,CASSLRGIQTDSYNEQFF,KRWIILGLNK
1,CASSFLTGPKGDYTF,SPRWYFYYL
1,CASSPLGDADTQYF,GILGFVFTL
1,CASLGGGPYNEQFF,KLGGALQAK
1,CAGPFGRLMF,GILGFVFTL
1,CASSSRQDPGYTF,KLGGALQAK
1,CSATPRDSNYEQYF,NLVPMVATV
1,CASSVVAGPYNEQFF,NEGVKAAW
1,CASSSLSERGRETQYF,KLGGALQAK
1,CASSLEAGGDQAFF,KLGGALQAK
1,CASSTGITPHEQYF,KLGGALQAK
1,CASSPLPQGRTEAFF,KLGGALQAK
1,CASSQDIPTGSGLLSELFF,ELAGIGILTV
1,CASSAGLAASTDTQYF,CRVLCCYVL
1,CAGGWGDEQFF,RLRAEAQVK
1,CASSPRGTGAYNEQFF,KLGGALQAK
1,CASSLSGLAGGPGNEQFF,LPRRSGAAGA
1,CASSPGTALSYEQYF,KLGGALQAK
1,CASSVGVEQFF,GILGFVFTL
1,CASSRRDSNTEAFF,LLWNGPMAV
1,CASGEANTGELFF,YLQPRTFLL
1,CASSLALYEQYF,CRVLCCYVL
1,CASSEGTDGYTF,KLGGALQAK
1,CASSSRQGGTGELFF,HSKKKCDEL
1,CASGTGGTRTMNTEAFF,KLGGALQAK
1,CASSLCCSPNTGELFF,KLGGALQAK
1,CATSEPDRATNSGELFF,KLGGALQAK
1,CASSDLGLAGGMETGEQYF,LLHGFSFYL
1,CASSQDRGGTYNEQFF,KLGGALQAK
1,CASSPTGSLNEQFF,GILGFVFTL
1,CASSGASSYEQYF,KLGGALQAK
1,CASQDTNSYEQYF,EPLPQGQLTAY
1,CASSQVRDDYGYTF,KLGGALQAK
1,CASTTSRGAISTDTQYF,LLYDANYFL
1,CASSLVGTGGWDEQFF,NLVPMVATV
1,CASSQLRTGGGEQYF,KRWIILGLNK
1,CASSLYYQPQHF,KLGGALQAK
1,CASSHDPLEQYF,NLVPMVATV
1,CATSPQGAPGEKLFF,CRVLCCYVL
1,CASSRYSNQPQHF,NLVPMVATV
1,CASSSQSADNSPLHF,KLGGALQAK
1,CAWSVRQTTNEKLFF,NLVPMVATV
1,CSAKRDRGVSYEQYF,NLVPMVATV
1,CASSITGGNNEQFF,GILGFVFTL
1,CATSRAVDNSYEQYF,FRCPRRFCF
1,CASSTTGGGNYEQYF,IMDQVPFSV
1,CASFGQHQDTQYF,KLGGALQAK
1,CASSEAGQLNEQF,ATDALMTGY
1,CASSLGRGGTNSYEQYF,CRVLCCYVL
1,CASSSLGTASPLHF,KLGGALQAK
1,CASSYRGSGNTIYF,KLVALGINAV
1,CASSYSLDSHSNQPQHF,GILGFVFTL
1,CASSLYSGAEQPQHF,FPRPWLHGL
1,CASSYSGWRLHF,NLSALGIFST
1,CATSDYVSGTLQETQYF,GILGFVFTL
1,CASSHSGTAYEQYF,AVFDRKSDAK
1,CASSLRWNPGNTIYF,RAKFKQLL
1,CASSEIPGGGDTQYF,KLGGALQAK
1,CSARPWDRALATNEKLFF,GILGFVFTL
1,CASSPGARMAEQYF,CRVLCCYVL
1,CASSPNSGRVTGELFF,FLKEKGGL
1,CASRSDSYTGELFF,KLGGALQAK
1,CASSQDSTSYGYTF,ISPRTLNAW
1,CASSFLGDEQFF,NLNCCSVPV
1,CASSLGGNEQFF,KSKRTPMGF
1,CASSLDGNEQYF,ELAGIGILTV
1,CASGTLLIRGKGYERYF,VLFGLGFAI
1,CASSVKDSPEKLFF,KLGGALQAK
1,CASSDLANEQF,YVLDHLIVV
1,CASRTSGDYEQYF,IIKDYGKQM
1,CASTDRGTVNEKLFF,NLVPMVATV
1,CASSQDFRGGYEQDF,GLCTLVAML
1,CASSANSGGLYEQYF,KLGGALQAK
1,CASSDPGTGRTEAFF,KLGGALQAK
1,CASSAGTDLISPLHF,NLVPMVATV
1,CASSLQDRKHEAFF,RAKFKQLL
1,CASSSWTGAYEQYF,KLGGALQAK
1,CASSLGTGVSGANVLTF,KLGGALQAK
1,CASSEGQGPYEQYF,NYNYLYRLF
1,CASSGRQGDEAFF,AVFDRKSDAK
1,CAISEGTGAYEQYF,FLRGRAYGL
1,CASSARTGVGYGYTF,SLFNTVATLY
1,CSVDGSGGLYEQYF,ELAGIGILTV
1,CASSLASLGLALSSYEQYF,CINGVCWTV
1,CASSWDTNTEAFF,KLGGALQAK
1,CSDDGGQEGYGYTF,IIKDYGKQM
1,CASSYSIRDELNTEAFF,NLVPMVATV
1,CASSPAEGQRGEKLFF,GILGFVFTL
1,CASSSDRARSNYGYTF,RPHERNGFTVL
1,CASRDLHYEQYF,KLGGALQAK
1,CASSPPDRATHNEQFF,RPHERNGFTVL
1,CASSARSTGELFF,GILGFVFTL
1,CASRPGLASNEQF,KRWIILGLNK
1,CSDFAGGADEAFF,KLGGALQAK
1,CTSSLGTSSYEQYF,KRWIILGLNK
1,CASSLTGGVSGNGELFF,NLVPMVATV
1,CAISEPGSNTEAFF,LTDEMIAQY
1,CSAAFRGLTGHYEQYF,KRWIILGLNK
1,CASSDAGGLGEAFF,KLGGALQAK
1,CASSSTITGMGDSGNTIYF,TPQDLNTML
1,CSARDERVIPNTGELFF,NLVPMVATV
1,CASSHSAKCTAYEQYF,NLVPMVATV
1,CASSYSTGTPGIYTF,NLVPMVATV
1,CASSEDRDTEAFF,KRWIILGLNK
1,CASSLGFSNQPQHF,CRVLCCYVL
1,CASSLLAGNTGELFF,ATDALMTGF
1,CASRDRAPSYEQYF,NLVPMVATV
1,CASSPSLESAFF,KLGGALQAK
1,CSSPGGPNEKLFF,AVFDRKSDAK
1,CATSRDRIAGGANVLTF,KLGGALQAK
1,CAWTLAGRDTGELFF,GLCTLVAML
1,CASTFGGLGQPQHF,EAAGIGILTV
1,CASRRLTQETQYF,KLGGALQAK
1,CASSSSLGDTQYF,ELAGIGILTV
1,CSASGTPTEQFF,KLGGALQAK
1,CASSLLGFSTETQYF,GILGFVFTL
1,CASSFRSATHTYEQYF,KLGGALQAK
1,CASSFGNNEQFF,NLVPMVATV
1,CASSPYGAEGSYNEQFF,NLVPMVATV
1,CASSEWTYTGELFF,NLVPMVATV
1,CASSEGWGIQETQYF,CRVLCCYVL
1,CASSLEWDRVYEQYF,NLVPMVATV
1,CASSLTREQYF,KLGGALQAK
1,CASSGQGSPEAFF,NLVPMVATV
1,CASSLSGTWGETQYF,KLGGALQAK
1,CSAKGQAITEKLFF,GLCTLVAML
1,CATSGRSTDTQYF,GILGFVFTL
1,CSARERGNNYGYTF,KLGGALQAK
1,CASSIAYEGLRTEAFF,NLVPMVATV
1,CASSEGQGNYGYTF,KLGGALQAK
1,CSSTGTEQFF,KLGGALQAK
1,CSVPDWYNEQFF,CRVLCCYVL
1,CSGGRGETCNQPQHF,GILGFVFTL
1,CASSLGTDTQYF,NLVPMVATV
1,CASSVETSGTSTDTQYF,KLGGALQAK
1,CAWVLGPAGDTQYF,RAKFKQLL
1,CASSLGDRGTEKLFF,HPVTKYIM
1,CASSVSRAGTGELFF,NLVPMVATV
1,CASSRLEGTGNTIYF,KLGGALQAK
1,CASSVTFGVARYEQFF,RLRAEAQVK
1,CASSELAGGGDTQYF,NLVPMVATV
1,CASSLYGPLSTDTQYF,GILGFVFTL
1,CASSQLGRGDNEQFF,KLGGALQAK
1,CATIRRLAGGISTDTQYF,KSVNITFEL
1,CASSSRSSYEQYF,GILGFVFTL
1,CASSLDNSGPAYEQYF,AVFDRKSDAK
1,CASSYKGLGGQETQYF,KLGGALQAK
1,CASSQAPLASGGYTF,ELAGIGILTV
1,CASSVSVNTEAFF,KLGGALQAK
1,CASSFRGEGSYEQYF,RAKFKQLL
1,CASREKGYDEQFF,HPVGEADYFEY
1,CASSLGGGQGEGELFF,NLVPMVATV
1,CASSSPGTGISYEQYF,KLGGALQAK
1,CATSSSQEATEAFF,KLGGALQAK
1,CAWSISDLAKNIQYF,NLVPMVATV
1,CASSISGTGNEQFF,GILGFVFTL
1,CASSIEDGGYNEQFF,KLGGALQAK
1,CSARDSGRAGGPYEQYF,IVTDFSVIK
1,CASSPLAGGPGYNEQFF,KLGGALQAK
1,CASSPRLAGDAGSTGELFF,LPRRSGAAGA
1,CASSYVGLGSPLHF,ELAGIGILTV
1,CASSQGDWAFREKLFF,KLGGALQAK
1,CASSFYPTDEQFF,FPRPWLHGL
1,CASSFLGRQQGEQYF,LPRRSGAAGA
1,CSVYPSGDYNEQFF,NLVPMVATV
1,CADSSSNTGKLIF,GILGFVFTL
1,CASSLDSAYEQYF,KLGGALQAK
1,CAWSGGGGRVHEQYF,ELAGIGILTV
1,CASSTSSPQETQYF,TTDPSFLGRY
1,CSARVSGTDFYEQYF,NLVPMVATV
1,CASSVIKNYGYTF,KLGGALQAK
1,CASSLRQGAGELF,TPRVTGGGAM
1,CASSFSFRENTEAFF,KLGGALQAK
1,CASSLIGNTGELFF,ATDALMTGF
1,CASSPSRDREFLYIQYF,AVFDRKSDAK
1,CASSSTDTQYF,ELAGIGILTV
1,CASSLIYRGGDGYTF,GPGHKARVL
1,CASSQDHQGGGTEAFF,KLGGALQAK
1,CSVEGATGANVLTF,AVFDRKSDAK
1,CASSALSGRAIDEQYF,GILGFVFTL
1,CARGQGTEAFF,KLGGALQAK
1,CASSLHGGGQPQHF,KLGGALQAK
1,CASIPDGYNEQFF,KLGGALQAK
1,CASSLAGAPNEKLFF,KLGGALQAK
1,CASSQTGLVLGGQETQYF,AVFDRKSDAK
1,CASSQDPGHSYEQYF,LPRRSGAAGA
1,CASSWTSGRSNEQFF,KLGGALQAK
1,CSVEERVRGGEQYF,TPRVTGGGAM
1,CASSTPNYLREDTEAFF,ELAGIGILTV
1,CATSDSTGPAGELFF,KLGGALQAK
1,CASKSTSGLPADTQYF,CRVLCCYVL
1,CASSQYRGFEKLFF,KLGGALQAK
1,CASSPLAGPANEQFF,GILGFVFTL
1,CASSQDGQGAMYEQYF,LTDEMIAQY
1,CASSLELASYEQYF,KLGGALQAK
1,CASSPDGEQYF,YLQPRTFLL
1,CSVEGYGQGIGYNEQFF,NLVPMVATV
1,CSARDRTGVKNIQYF,YADVFHLYL
1,CASTGLAGYNEQFF,AVFDRKSDAK
1,CASSLTRTDTQYF,KLGGALQAK
1,CASSLLGGGLSYGYTF,KLGGALQAK
1,CASSSRGQLDTQYF,ATDALMTGY
1,CASSTTGGYSNQPQHF,KLGGALQAK
1,CASSTPGDNEQFF,AVFDRKSDAK
1,CSAYKLAGEEYGTGELFF,YLYALVYFL
1,CASSLHRDTEAFF,KRWIILGLNK
1,CASSSGQGGTGELFF,LLLGIGILV
1,CASSQEGVAGGYNEQFF,KLGGALQAK
1,CASSLGQYNEQFF,ELAGIGILTV
1,CASSLTGDGPDTQYF,AVFDRKSDAK
1,CASGYAGANVLTF,ARMILMTHF
1,CASRYTGNTEAFF,KLGGALQAK
1,CASRYTGATGELFF,KLGGALQAK
1,CSAESGNTEAFF,DATYQRTRALVR
1,CSARDGRGENTEAFF,KLGGALQAK
1,CASNPGWDTGRKAFF,ELAGIGILTV
1,CASSYLPGGAKTEAFF,SPRWYFYYL
1,CASDGQGNGYTF,ELAGIGILTV
1,CASSLQESSYNSPLHF,KLGGALQAK
1,CASSLTGTGTYEQYF,LPRRSGAAGA
1,CASSMVGIHEQYF,GILGFVFTL
1,CASSFWGQGTDTQYF,KAFSPEVIPMF
1,CASSKDRAYNEQFF,KLGGALQAK
1,CASSVEGGPGTSGGRSSYEQYF,AVFDRKSDAK
1,CASSSAGWVNTEAFF,LLHGFSFYL
1,CASREGNTGELFF,YLQPRTFLL
1,CASSFSTSGRAFVNEQFF,LPRRSGAAGA
1,CASTGTGNYEQYF,NLVPMVATV
1,CASSLEGGSNQPQHF,SLFNTVATLY
1,CASSLWGGDFSQEQF,FPRPWLHGL
1,CASSPTGGEGGYTF,GILGFVFTL
1,CASSFSGTFEAFF,ALSPVIPHI
1,CASSSLGEFYNEQFF,KLGGALQAK
1,CATSRDGPGHEVTANYGYTF,KLGGALQAK
1,CASSPRGVTEAFF,AVFDRKSDAK
1,CASKPSGGQETQYF,NLVPMVATV
1,CASTPSGTASYEQYF,EAAGIGILTV
1,CASTPPGGRGYTF,GILGFVFTL
1,CASSLAPGTSGSPYNEQFF,FLKEKGGL
1,CASSLGLAATYNEQF,NLVPMVATV
1,CASSGTDSNQPQHF,NLVPMVATV
1,CSANRRASGRNTGELFF,KLGGALQAK
1,CASSNQGNIQYF,LPRRSGAAGA
1,CASSLRLNQPQHF,FRCPRRFCF
1,CASSPGQDGYGYTF,KRWIILGLNK
1,CASSPPASGRTRFQWGQYF,KLGGALQAK
1,CASSDRETYEQYF,NLVPMVATV
1,CATSNIAGETQYF,FRCPRRFCF
1,CATTVPLSYEQYF,KLGGALQAK
1,CATDGQSGSGSDEQFF,LLLGIGILV
1,CASIDRTIGNQPQHF,ATDALMTGY
1,CASSADLYNEQFF,KLGGALQAK
1,CASSLISEATGLEAFF,RLVPYLEFL
1,CASSFLGTASYEQYF,EAAGIGILTV
1,CASSLRDTTPAQYF,KLGGALQAK
1,CSATRTGAGANVLTF,EAAGIGILTV
1,CASSATGISTEAFF,KLGGALQAK
1,CASSPSSGTGGLATNEKLFF,KLGGALQAK
1,CASSLLAEGNYEQYF,LPRRSGAAGA
1,CASSPQSGKYNEQFF,KLGGALQAK
1,CASRMTGADTQYF,KLGGALQAK
1,CSARGASIFYEQYF,KRWIILGLNK
1,CASSYSSGQWGWNTEAFF,GILGFVFTL
1,CASSIGTSLARDTQYF,KLGGALQAK
1,CASSQQAGEGDEQYF,LPRRSGAAGA
1,CASSTQGANYGYTF,KLGGALQAK
1,CASSEWTGWGSNQPQHF,KLGGALQAK
1,CASSMFLGQPQHF,GILGFVFTL
1,CASSSRGTVNTEAFF,TPRVTGGGAM
1,CASSAGGTGSETQYF,KLGGALQAK
1,CAISESGKGATANQPQHF,KLGGALQAK
1,CASSFSLGHPTDTQYF,SPRWYFYYL
1,CASSLVGTGGSYEQYF,NLVPMVATV
1,CASSLGQGTANQPQHF,KLGGALQAK
1,CASRGRTTNYGYTF,KLGGALQAK
1,CASSVVSGTSGRGNEQFF,LPRRSGAAGA
1,CSVGSGEDNEQYF,RAKFKQLL
1,CASSIVSTDTQYF,GILGFVFTL
1,CASSFGAGLTYEQYF,LPRRSGAAGA
1,CSVAGGTEAFF,FMLYLLTLM
1,CAISEGRTGPGTPQHF,KLGGALQAK
1,CAMREGRRDDKIIF,LPRRSGAAGA
1,CASSLAGQGSPYEQYF,LPRRSGAAGA
1,CAWSSQTGIYGYTF,NLVPMVATV
1,CASSIVASGAGGELFF,GILGFVFTL
1,CATRGQGVWEQYF,KLGGALQAK
1,CSQNLPRQGGVDTQYF,KLGGALQAK
1,CSARDLNTEAFF,NLVPMVATV
1,CASSPPGVIEQFF,KLGGALQAK
1,CASSLLDSLKNIQYF,CRVLCCYVL
1,CASSLYRGWYEQYF,KLGGALQAK
1,CASSLGLGVNTEAFF,NLVPMVATV
1,CASHDPRAQETQYF,KLGGALQAK
1,CASSPGTGTIDTQYF,AVFDRKSDAK
1,CASSLGAGASDEQYF,GILGFVFTL
1,CSAISRDLLYEQYF,NLVPMVATV
1,CSARDRTSGTYEQYF,TTDPSFLGRY
1,CASSPTLTGGTFSDNEQFF,KLGGALQAK
1,CASTSWTDTQYF,RPHERNGFTVL
1,CSAGDWANNEQF,FPRPWLHGL
1,CASGTQNTIYF,AVFDRKSDAK
1,CASSIRSATEAFF,GILGFVFTL
1,CASSQGGGGYLNTEAFF,KLGGALQAK
1,CASSFTAGLNTEAFF,AMFWSVPTV
1,CATRGTVINTGELFF,ATDALMTGY
1,CASSRDSNSPLHF,KLGGALQAK
1,CASSELGTGELFF,KLGGALQAK
1,CASGPHGGGNNEQFF,GILGFVFTL
1,CASSLTPTGSTDTQYF,ELAGIGILTV
1,CSASPGLANTDTQYF,FRCPRRFCF
1,CSVVGTSLYNEQFF,GLCTLVAML
1,CASSLVAGGYYNEQFF,KLGGALQAK
1,CASSVEIGAYEQYF,KLGGALQAK
1,CASSLRTGEIDLGKFF,KLGGALQAK
1,CASSLSLGGTQPQHF,KLGGALQAK
1,CASSHRGQIGQFF,GLCTLVAML
1,CASSQGPDSPLHF,GTSGSPIINR
1,CASSPISGSSYEQYF,KLGGALQAK
1,CAISTAGDQPQHF,KLGGALQAK
1,CASSLGVAGEAFF,LPRRSGAAGA
1,CASSIVNEAFF,NLVPMVATV
1,CASSPGQGFDTQYF,KLGGALQAK
1,CASSTKQGWYEQYF,ARMILMTHF
1,CASSQQGEKLFF,CINGVCWTV
1,CAWSEWGANGYTF,LPRRSGAAGA
1,CASSIRAGYEQYF,GILGFVFTL
